1,622,5'UTR Nsp1,......(((((.(((((....)))))..)))))...........(((((.....))))).((((.......)))).(((....((((((((.((.((((.(((.....))).)))))).))))))))..))).((((.....))))...(((((((((((..(((((...(((.(((((((((((..((((((.(((((......)))))..))))))......)))(((((((.((......)))))))))(((....)))))))))))))).))))).))))...))))))).......((((((...........((((((...))))))....)))))).....(((((.(((((((((((((.....)))).))))..))))).)))))............((((((((....((((..((..((((((....((((.....))))))))))..))))))....)))).))))...(((..((((((((((.(((((((......(((.........)))...))).))))...))))..))))))...)))......((((((((.((((.(((((..((((((.......)))))).))))))))).))))))))
944,1026,Nsp2,(((((...((((..(((((.((..(((((......))))).)).)))))...(((((....)))))........)))))))))
1478,1572,Nsp2,((((....)))).(((((((..(((((((((((.((.....((.(((.(((.....)))..))).))...)))))))))))))....))).))))
1968,2188,Nsp2,((((...(((((((((.(((.((((.(((.(((...))).))))))).))).)))).))))).))).).((...(((((((((.((((((((.....)))))))).))).)))))).))........(((((.(((((.........)))))))))).......((((((..((((.((((((...(((((......))))))))))).)).)).))))))
2682,2800,Nsp2 Nsp3,(((.((((........)))).)))(((((....((((((((((((..(((....)))))))))....))))))....).))))..(((((.((((((((.......)))))))))))))
3416,3597,Nsp3,((((((.....((((.(((((((....))))))).))))))))))............(((((((..((((((((....)))))).))..)))))))..((((((((..((((......((((((((((((.....(((((...))))).))))))))))))......))))..))).)))))
4169,4232,Nsp3,(((.......)))(((.(((((((.((.(((.(((......)))))).))...))))))).)))
4471,4713,Nsp3,(((((((......(((((((((.....(((((((((((((.(((((..((((((((..(((((((........)))))))......))))))))...))))))))))).................)))))))...))))))....((((((((...)))))))).((((.....((((((((((.(((((.((((....))))..))))))))...))))))))))))))......)))))))
4791,5162,Nsp3,(.((((....(((((.((((......)))))))))....................((((((((((((((((((.((((((...))))))...............((.((((.....)))))).))))))))))......))))))))((((((((((...)))))))))))))))..((((.((((((((....))))))).).))))..(((((((....).)))))).((((.....))))...((((.((((((.((((((.....)))))).)))))).)))).......((((((((((.....(((((..(((((((((((...))))))))))).))).))((((.....))))))))).)))))
5693,6013,Nsp3,(((..((((.(((....)))..)))))))((((......)))).((((((.(((((((((....))))))))).))))))............(((....))).(((((((((.....((.((.(((((......)))))))))..))))))))).(((......)))((((((((....)))))))).....(((((.(((((....((((((.......)))))))))))))))).(((((...(((((..((......)).)))))...(((((((......))))))).....(((.(((....))).))).)))).)
6116,6549,Nsp3,((((.....))))..(((((...)))))((((((((((....((((.(((((((..(((.....)))..)))))))))))(((((((...)))))))....((((((((((...((........)).))).)))))))....((..((((((.(((((((.((((......)))).))))))).).))))).))........((((....((((((((....))))))))))))))))))).)))..((((((.((.(......))).)))))).((((((.......(((((((.....((((.(......)))))....)))..))))....(((((((((((((.....((((.......))))...))))))))))))).(((((........((.........)).......)))))......))))))
6786,6887,Nsp3,(((((((.(((.((((.((((((((.....)))))))))))).)))))).))))......(((((((.(((.(((((........)))))..))))))))))
7025,7072,Nsp3,((((((.....))))))(((((((..(((((.....))))))))))))
7413,7518,Nsp3,(((((((...((((.((((((......))).)))..))))..))))))).(((.((.(((.(((((((.(((((.......))))).))))))).)))..)).)))
7717,8230,Nsp3,(((((((.(((......................((((((((.(((......)))))))))))......))))))))))............(((((((((...((((((..(((((......)))))..))))))....(((((.(((((((.....)))).))).))))).((((((.((((((...(((.....)))...))))))......((.(((..((((.....))))...))).)).((.((((((.((((((((((((((((((((....)))))))).)))))))))))).))..))))))(((((((.((.(((((...((((....))))...))))))))))))))...........))))))....((((...((((((..((....)).....)))))).....))))......((((((((((.(((((.(((...((((((((((.....)))).))))))...))).))))).....)))))))))).)))))))))
8350,8512,Nsp3,(((((((.......)))))))...(((((...((....)).))))).((((((((((.........))))))))))((((((.....((((((..........)))))).......(((((..........))))).(((((.......)))))...))))))
8702,8789,Nsp4,((((.(.((((((....))))))).)))).........(((((.....))))).(((((((.((..(((.....))).)).)))))))
9295,9398,Nsp4,((((((((((.((((((((....))).))))).)))).)))))).........((.(((((((((...(((((((.......)))))))...))))))))).))
9612,9886,Nsp4,(((((((.((.(((........))).........((((((......))))))(((..(((...((((.((((..((((.((.......)).))))...)))).)))).....)))..))))).))))))).((((...((((((.....))))))...))))(((.(((((....(((..((((((.(((.....))).))))))...))))))))))).(((((((..(((((((((.((.(((....))).)))))))))))....)))))))
10129,10312,Nsp5,(((((......((((((((.........((((.((((((((...)))).)))).))))....)))))))).......(((..((((((((((((((((......))))))))..))))))))....)))....(((((.(((((((((..........)))))))))))).))......)))))
10630,10687,Nsp5,((((((..((((.(((.((((((..(((.....)))..))).))))))))))))))))
10798,11039,Nsp5 Nsp6,(((((((((((....((((.........)))).....))))))).))))....((((....((((.((((((.(((.((((((((......)))))))).))))))))).))))....))))..(((...((((((...((((((((...)))))).))))))))....))).((((((.(((.(((((((((((((..(((....)))..)))))))).)......)))).))).))))))
11221,11470,Nsp6,(((......))).((((....(.((((((((((.(((((((((((......((((((.(((((.....))))).)).))))....))))))))))))))))))))).)..))))..((((.(((.(((((((((......)))).))))).))))))).((.(.(((((((((((........)))))..)))))).).))...(((((((.((((.(((((((......))).)))).)))))))))))
11552,11908,Nsp6 Nsp7,((((((((..((..............((((((((((((((....))))))..))))))))...........((((((.....(((.....)))..)))))).....)).)))))))).((((((((.(((((((((((.((((....(((......)))...))))))))))).))........((((...((((....))))......))))........((((.((((((((((((......)))))))).)))).)))).........))))))))))((((.((((.(((........))))))).))))..............((((((.((((.......)))).))))))
12230,12686,Nsp8 Nsp9,((((((((((((.(((((.(((((((.((((....))))......))))))))))).((((.(.(((...(((.....((((.....))))...)))...))))..((((...(((((....(((.....)))....))))).)))).....(((.(((((((.((.......)).))))))))))..((.(((((...(((((((((....)))))))))..))))).))...(((((((......)))))))........(((((..(((((..........))))))))))........(((.((((((((.(((((((.((....)).))))..))).))))))..))))).((((((((((((..........))).))))))))).........)))).(((((.((((..((....))..)))))))))......).)))))))).))))
12895,13030,Nsp9 Nsp10,((((.((.(((((.....................((((((..(((((((((....)))))))))..)))))).....((((......))))...((((((((((((...))))))).))))).))))).)).))))
13594,13920,Nsp12,((..(((((((((((............)))).)))))))))..(((.((((((..(((((((((.((((.......))))))))))).))..))).))).)))..........(((((((((..(((.(..((((....)))))))).))))))))).(((...(((((.((((.(((((.......))))).)))).)))))..)))....((((((.....((((((((.(((((....)))))...)))).)))).))))))...........((((((.((((((((.........))))))))....)))))).........
13993,14230,Nsp12,((((((((((...(((((((..((.(((((((((.((.....))))))))))).)))))))))......((((((.(((((((((((((.((((.((((((..((...))..))))))...((((........)))))))).)))))).)))).)))))))))....(((((.((((................)))).)))))..(((.((((.....)))).)))..))))))))))
14444,14532,Nsp12,((((((((((.(((.(((......))).)))))))))..))))(((((((.(((((.(((((.......))))))))..)).)))))))
14557,14641,Nsp12,(((((.((((((((.........(((((.(((.((((((((....)))))))).....)))...)))))...)))))))))))))
14973,15136,Nsp12,(((...((((......((((((.((((((((.(((.....((((.((.((.((...........)).)).)))))))))...))))))))..))))))..))))..)))..((((((..(((.(((((...(((((......)))))))))))))...))))))
15510,15608,Nsp12,(((.(((((..((((((((.(((..........))).)))))))).))))).)))................(((((((.(((......))).)))))))
15767,16005,Nsp12,((((((((((((((((((.......)))))))))).....((((...)))).(((((.(((((((((((.......((((.....((((....))))..))))...)))))))).))))))))....))))))))..............((((((((((..((...((((((((......).))).).)))...))(((((((...(((...)))...)))))))..)))))))..)))
16114,16260,Nsp12 13,(((..(((((((((((((.((((((...)))))).)))))))).)))))...))).(((.(((.(.((((.......)))))))).)))....((.....(((((((.((.(((((((...))))))))).))..))))).....))
17580,17677,Nsp13,((.((((((.....((((((((((((((....))))))).)))))))...((((((....(((.....)))......))))))......)))))).))
17854,17938,Nsp13,(((((((((...)))))))))..........(((...)))....((((.(((((((.((((.......)))))).))))).))))
19373,19550,Nsp14,((((.((.(((((((.((((((.......))))))..........)))))))))))))....(((((((((((...(((.((((((...)))))).))).))))).)))))).(.(((.((((((((((.(.(((((((.((((...))))...)))))))).))))))).)))))))
19665,19735,Nsp15,(((((((.(((..(((.....))).))))))))))....((((((((((.((......)).))))))))))
20248,20408,Nsp15,(((..((((((((((((((((((....(((...(((((.(((((((((......((((((...))))))....)))))))))))))).))).(((((..(((((((.(((((.....)))))))))))).)))))))))...))))))))))))))..)))
20668,20792,Nsp16,((((((((((.....)))))))))).....((((.......(((.....))).......)))).(((((.((((..((((((....((((........).)))....))))))..)))).)))))