83,126,CUGUGUGGCUGUCACUCGGCUGCAUGCUUAGUGCACUCACGCAG,((((((((.((.((((.(((.....))).)))))).)))))))),N/A
149,293,UCGUUGACAGGACACGAGUAACUCGUCUAUCUUCUGCAGGCUGCUUACGGUUUCGUCCGUGUUGCAGCCGAUCAUCAGCACAUCUAGGUUUUGUCCGGGUGUGACCGAAAGGUAAGAUGGAGAGCCUUGUCCCUGGUUUCAACGA,(((((((((((..(((((...(((.(((((((((((..((((((.(((((......)))))..))))))......)))(((((((.((......)))))))))(((....)))))))))))))).))))).))))...))))))),N/A
406,477,GAUGGCACUUGUGGCUUAGUAGAAGUUGAAAAAGGCGUUUUGCCUCAACUUGAACAGCCCUAUGUGUUCAUC,((((((((.((.((((..((..(((((((....(((.....))))))))))..)))))).)).)))).)))),N/A
563,621,GUGGUGAGACACUUGGUGUCCUUGUCCCUCAUGUGGGCGAAAUACCAGUGGCUUACCGC,((((((((.((((.(((((..(((.(((......)))))).))))))))).)))))))),N/A
651,723,AGGAGCUGGUGGCCAUAGUUACGGCGCCGAUCUAAAGUCAUUUGACUUAGGCGACGAGCUUGGCACUGAUCCU,((((.......((((.((((.((.((((......(((((....))))).)))).)))))))))).....)))),N/A
756,821,ACAUAGCAGUGGUGUUACCCGUGAACUCAUGCGUGAGCUUAACGGAGGGGCAUACACUCGCUAUGU,((((((((((((((((..((((...((((....))))....))))...))))).)))).))))))),N/A
1154,1179,UGGGUAGAAUUCGAUCUGUCUAUCCA,((((((((..........)))))))),N/A
1180,1203,GUUGCGUCACCAAAUGAAUGCAAC,(((((((((.....)).))))))),N/A
2313,2379,UAAAUUUUUGGCUUUGUGUGCUGACUCUAUCAUUAUUGGUGGAGCUAAACUUAAAGCCUUGAAUUUA,(((((((..(((((((.((.....((((((((....))))))))....)).)))))))..))))))),N/A
2458,2527,CCUCUAAAAGCCCCAAAAGAAAUUAUCUUCUUAGAGGGAGAAACACUUCCCACAGAAGUGUUAACAGAGG,(((((.....(((...(((((......)))))...)))...((((((((.....))))))))...))))),N/A
2540,2614,AAACUGGUGAUUUACAACCAUUAGAACAACCUACUAGUGAAGCUGUUGAAGCUCCAUUGGUUGGUACACCAGUUU,(((((((((...................(((.(((((((.((((.....)))).))))))).))).))))))))),N/A
2622,2638,CGGGCUUAUGUUGCUCG,(((((.......))))),N/A
3261,3355,AACUACUAUUCAAACAAUUGUUGAGGUUCAACCUCAAUUAGAGAUGGAACUUACACCAGUUGUUCAGACUAUUGAAGUGAAUAGUUUUAGUGGUU,(((((((.....((((((((.((((((((...(((.....)))...)))))).)).)))))))).((((((((......)))))))).))))))),N/A
3461,3615,AACAUGGAGGAGGUGUUGCAGGAGCCUUAAAUAAGGCUACUAACAAUGCCAUGCAAGUUGAAUCUGAUGAUUACAUAGCUACUAAUGGACCACUUAAAGUGGGUGGUAGUUGUGUUUUAAGCGGACACAAUCUUGCUAAACACUGUCUUCAUGUU,((((((((((.((((((((((((((((......))))).)).....)))...((((((((..((((......((((((((((((.....((((.....)))).))))))))))))......))))..))).)))))..)))))).)))))))))),N/A
4897,4909,CACCUAGAUGGUG,((((.....)))),N/A
4937,4959,CACUUCUUUCUUUGAGAGAAGUG,((((((((((...)))))))))),N/A
5020,5032,AUGUCAAUGACAU,(((((...))))),N/A
5271,5295,GGCAGAUAACAACUGUUAUCUUGCC,((((((((((....)))))).)))),N/A
5296,5463,ACUGCAUUGUUAACACUCCAACAAAUAGAGUUGAAGUUUAAUCCACCUGCUCUACAAGAUGCUUAUUACAGAGCAAGGGCUGGUGAAGCUGCUAACUUUUGUGCACUUAUCUUAGCCUACUGUAAUAAGACAGUAGGUGAGUUAGGUGAUGUUAGAGAAACAAUGAGU,(((.(((((((....(((.((((...(((((((.(((((....((((.(((((......(((((......)))))))))).)))))))))..)))))))....((((((.((((.((((((((......)))))))))))).)))))).)))).))).)))))))))),N/A
5475,5520,ACAUGCCAAUUUAGAUUCUUGCAAAAGAGUCUUGAACGUGGUGUGU,((((((((....((((((((....))))))))......)))))))),N/A
5736,5771,UAGUGAGUACACUGGUAAUUACCAGUGUGGUCACUA,((((((.(((((((((....))))))))).)))))),N/A
6265,6300,GCCACGUAUAAACCAAAUACCUGGUGUAUACGUUGU,((.(((((((.((((......)))).))))))).)),N/A
6640,6695,GGUUUAGCUGCUGUUAAUAGUGUCCCUUGGGAUACUAUAGCUAAUUAUGCUAAGCC,((((((((.(((....(((((((((....)))))))))))).......)))))))),N/A
7013,7166,UAGGUGUUUUAAUGUCUAAUUUAGGCAUGCCUUCUUACUGUACUGGUUACAGAGAAGGCUAUUUGAACUCUACUAAUGUCACUAUUGCAACCUACUGUACUGGUUCUAUACCUUGUAGUGUUUGUCUUAGUGGUUUAGAUUCUUUAGACACCUA,(((((((((..((((((.....))))))(((((((..(((((.....)))))))))))).((((((((...........(((((..((((.((((......(((.....)))..))))...))))..))))))))))))).....))))))))),N/A
7850,7888,CUAAUAACACUAAAGGUUCAUUGCCUAUUAAUGUUAUAG,((.((((((.(((((((.....)))).))).)))))))),N/A
7923,8127,UGCAAAAUCAGCGUCUGUUUACUACAGUCAGCUUAUGUGUCAACCUAUACUGUUACUAGAUCAGGCAUUAGUGUCUGAUGUUGGUGAUAGUGCGGAAGUUGCAGUUAAAAUGUUUGAUGCUUACGUUAAUACGUUUUCAUCAACUUUUAACGUACCAAUGGAAAAACUCAAAACACUAGUUGCAACUGCAGAAGCUGAACUUGCA,(((((..(((((.(((((.......((.(((((...((((....((.((((((((((((((((((((....)))))))).)))))))))))).)).....((.(((((((...((((((...((((....))))...)))))).)))))))))...................)))).)))))...))))))).)))))..))))),N/A
8143,8220,GACAAUGUCUUAUCUACUUUUAUUUCAGCAGCUCGGCAAGGGUUUGUUGAUUCAGAUGUAGAAACUAAAGAUGUUGUU,(((((((((((.(((((.(((...((((((((((.....))))).)))))...))).))))).....))))))))))),N/A
8392,8428,GCUUUGAUAUGGAACGUUAAAGAUUUCAUGUCAUUGU,((..((((((((((.........))))))))))..)),N/A
8840,8899,CAAGAGAAGUGGGUUUUGUCGUGCCUGGUUUGCCUGGCACGAUAUUACGCACAACUAAUG,((..((..(((.((..(((((((((.((....)).)))))))))..)).)))..))..)),N/A
9457,9524,AUGAGGUUUAGAAGAGCUUUUGGUGAAUACAGUCAUGUAGUUGCCUUUAAUACUUUACUAUUCCUUAU,((((((..(((.((((.....(((((.((((....)))).))))).......)))).)))..)))))),N/A
10164,10260,CUGUCCAAGACAUGUGAUCUGCACCUCUGAAGACAUGCUUAACCCUAAUUAUGAAGAUUUACUCAUUCGUAAGUCUAAUCAUAAUUUCUUGGUACAG,(((((((((((((((..((.........))..))))).........((((((((((((((((......))))))))..)))))))))))))).)))),N/A
11244,11324,GAUGCGUAUUAUGACAUGGUUGGAUAUGGUUGAUACUAGUUUGUCUGGUUUUAAGCUAAAAGACUGUGUUAUGUAUGCAUC,(((((((((.(((((((((((.....(((((...(((((.....)))))....)))))...)))))))))))))))))))),N/A
12969,12987,CAACCUAAAUAGAGGUAUG,((((((......)))).)),N/A
12988,13015,GUACUUGGUAGUUUAGCUGCCACAGUAC,((((((((((((...))))))).))))),N/A
13422,13477,CCGCGAACCCAUGCUUCAGUCAGCUGAUGCACAAUCGUUUUUAAACGGGUUUGCGG,((((((((((.(((.((((....)))).)))...............)))))))))),N/A
13757,13795,AGACGGUGACAUGGUACCACAUAUAUCACGUCAACGUCU,(((((.((((.(((((.......))))).)))).))))),N/A
13817,13849,CCUCGUCUAUGCUUUAAGGCAUUUUGAUGAAGG,(((((((.(((((....)))))...))))).)),N/A
13957,13988,GCGUAUACGCCAACUUAGGUGAACGUGUACGC,(((((((((...((....))...))))))))),N/A
14055,14160,ACAUUAGAUAAUCAAGAUCUCAAUGGUAACUGGUAUGAUUUCGGUGAUUUCAUACAAACCACGCCAGGUAGUGGAGUUCCUGUUGUAGAUUCUUAUUAUUCAUUGU,(((...((((((.(((((((((((((.((((.((((((..((...))..))))))...((((........)))))))).)))))).)))).)))))))))...))),N/A
14388,14433,UUCUCUACAGUGUUCCCACUUACAAGUUUUGGACCACUAGUGAGAA,(((((.((((((.(((.(((....)))...))).)))).))))))),N/A
14447,14479,UGGUGUUCCAUUUGUAGUUUCAACUGGAUACCA,(((((.((((.(((......))).))))))))),N/A
14486,14531,AGAGCUAGGUGUUGUACAUAAUCAGGAUGUAAACUUACAUAGCUCU,(((((((.(((((.(((((.......))))))))..)).))))))),N/A
14556,14640,GUGUAUGCUGCUGACCCUGCUAUGCACGCUGCUUCUGGUAAUCUAUUACUAGAUAAACGCACUACGUGCUUUUCAGUAGCUGCAC,(((((.((((((((.........(((((.(((.(((((((......))))))).....)))...)))))...))))))))))))),N/A
14972,15080,GGCUAGACUUUAUUAUGAUUCAAUGAGUUAUGAGGAUCAAGAUGCACUUUUCGCAUAUACAAAACGUAAUGUCAUCCCUACUAUAACUCAAAUGAAUCUUAAGUAUGCC,(((...((((......((((((.((((((((((((.....((((.((.((.((...........)).)).)))))))))..)))))))))..))))))..))))..))),N/A
15083,15135,UAGUGCAAAGAAUAGAGCUCGCACCGUAGCUGGUGUCUCUAUCUGUAGUACUA,((((((..(((.(((((...((((((....))))))))))))))...)))))),N/A
16095,16186,CAAUACAUAAGAAAGCUACAUGAUGAGUUAACAGGACACAUGUUAGACAUGUAUUCUGUUAUGCUUACUAAUGAUAACACUUCAAGGUAUUG,((((((............(((..(((((((((((((.((((((...)))))).)))))))).)))))...))).............)))))),N/A
17020,17331,UUUCUAGCAAUGUUGCAAAUUAUCAAAAGGUUGGUAUGCAAAAGUAUUCUACACUCCAGGGACCACCUGGUACUGGUAAGAGUCAUUUUGCUAUUGGCCUAGCUCUCUACUACCCUUCUGCUCGCAUAGUGUAUACAGCUUGCUCUCAUGCCGCUGUUGAUGCACUAUGUGAGAAGGCAUUAAAAUAUUUGCCUAUAGAUAAAUGUAGUAGAAUUAUACCUGCACGUGCUCGUGUAGAGUGUUUUGAUAAAUUCAAAGUGAAUUCAACAUUAGAACAGUAUGUCUUUUGUACUGUAAAUGCAUUGCCUGAGA,((((..(((((((.......((((((((((((((((.((((((..(((((((...(((((.....))))).....)).)))))..))))))))))))))).....((((((((...(((.(((((((((((((((((((..((......)).)))))..)))))))))))))).(((((..........)))))..))).....))))))))...(((((((((((....))))))).))))))))))).........................(((((((.......)))))))....)))))))..)))),N/A
17538,17559,GACAUGUUCCUCGGAACUUGUC,((((.((((....)))).)))),N/A
18070,18328,GUAGUAAGGUAAUCACUGGGUUACAUCCUACACAGGCACCUACACACCUCAGUGUUGACACUAAAUUCAAAACUGAAGGUUUAUGUGUUGACAUACCUGGCAUACCUAAGGACAUGACCUAUAGAAGACUCAUCUCUAUGAUGGGUUUUAAAAUGAAUUAUCAAGUUAAUGGUUACCCUAACAUGUUUAUCACCCGCGAAGAAGCUAUAAGACAUGUACGUGCAUGGAUUGGCUUCGAUGUCGAGGGGUGUCAUGCUAC,((((((.((((((((.(((((((..((((...((((.....((((((((((((.((((........)))).))))).))....))))).......)))).........))))..)))))))...((((((((((.....))))))))))....................)))))))).............(((((.(((.(((((((.....(((((....)))))...)))))))....)))..)))))...)))))),N/A
18795,18846,CUACAAAGCAACCAUGAUCUGUAUUGUCAAGUCCAUGGUAAUGCACAUGUAG,(((((..(((((((((..((.........))..))))))..)))...))))),N/A
18847,18871,CUAGUUGUGAUGCAAUCAUGACUAG,(((((((((((...))))))))))),N/A
19425,19490,AUAGAUUAUGUACCACUAAAGUCUGCUACGUGUAUAACACGUUGCAAUUUAGGUGGUGCUGUCUGU,((((((...((((((((.((((.(((.((((((...)))))).))))))).)))))))).)))))),N/A
19491,19545,AGACAUCAUGCUAAUGAGUACAGAUUGUAUCUCGAUGCUUAUAACAUGAUGAUCU,((((((((((...(((((((.(((.....)))...)))))))..))))))).))),N/A
19973,19999,ACUCACUGUCUUUUUUGAUGGUAGAGU,((((((((((......)))))).)))),N/A
20240,20410,UCAAAUGGAAAUUGAUUUCUUAGAAUUAGCUAUGGAUGAAUUCAUUGAACGGUAUAAAUUAGAAGGCUAUGCCUUCGAACAUAUCGUUUAUGGAGAUUUUAGUCAUAGUCAGUUAGGUGGUUUACAUCUACUGAUUGGACUAGCUAAACGUUUUAAGGAAUCACCUUUUGA,(((((.((....(((((((((((((((((((.........(((((.(((((((((......((((((...))))))....))))))))))))))......((((.((((((((.(((((.....))))))))))))))))))))))...)))))))))))))))).))))),N/A
20833,20907,UAGCUGUACCCUAUAAUAUGAGAGUUAUACAUUUUGGUGCUGGUUCUGAUAAAGGAGUUGCACCAGGUACAGCUG,((((((((((........................((((((...((((.....))))...)))))))))))))))),N/A
20914,20945,GACAGUGGUUGCCUACGGGUACGCUGCUUGUC,(((((((((((((....)))).))))).)))),N/A
21130,21239,AACAAAAGCUAGCUCUUGGAGGUUCCGUGGCUAUAAAGAUAACAGAACAUUCUUGGAAUGCUGAUCUUUAUAAGCUCAUGGGACACUUCGCAUGGUGGACAGCCUUUGUU,((((((.(((..((((((((((((((((((((((((((((..(((..(((((...))))))))))))))))).)).)))))))).)))))...)).))..))).)))))),N/A
22614,22677,UGCUUGGAACAGGAAGAGAAUCAGCAACUGUGUUGCUGAUUAUUCUGUCCUAUAUAAUUCCGCA,(((..((((.((((((((((((((((((...)))))))))).)))).))))......))))))),N/A
22779,22822,AGUCAGACAAAUCGCUCCAGGGCAAACUGGAAAGAUUGCUGAUU,((((((.((.(((..(((((......)))))..))))))))))),N/A
22825,22912,AAUUAUAAAUUACCAGAUGAUUUUACAGGCUGCGUUAUAGCUUGGAAUUCUAACAAUCUUGAUUCUAAGGUUGGUGGUAAUUAUAAUU,(((((((.(((((((...((.(((.(((((((.....)))))))))).))...((((((((....)))))))).)))))))))))))),N/A
23235,23265,GUUUCUGCCUUUCCAACAAUUUGGCAGAGAC,(((((((((.............))))))))),N/A
23286,23304,UGUCCGUGAUCCACAGACA,((((.(((...))).)))),N/A
23362,23393,GGAACAAAUACUUCUAACCAGGUUGCUGUUCU,((((((...((((......))))...)))))),N/A
23725,23796,GUUACCACAGAAAUUCUACCAGUGUCUAUGACCAAGACAUCAGUAGAUUGUACAAUGUACAUUUGUGGUGAU,(((((((((((...(((((..((((((.......))))))..))))).(((((...)))))))))))))))),N/A
23969,24097,CACAAAUAUUACCAGAUCCAUCAAAACCAAGCAAGAGGUCAUUUAUUGAAGAUCUACUUUUCAACAAAGUGACACUUGCAGAUGCUGGCUUCAUCAAACAAUAUGGUGAUUGCCUUGGUGAUAUUGCUG,((..(((((((((((...............(((((..((((((..(((((((.....)))))))...)))))).))))).......(((.((((((.......))))))..))))))))))))))..)),N/A
25195,25215,UGGCCAUGGUACAUUUGGCUA,((((((.........)))))),N/A
25216,25275,GGUUUUAUAGCUGGCUUGAUUGCCAUAGUAAUGGUGACAAUUAUGCUUUGCUGUAUGACC,((((.((((((.(((.((((((((((....))))...)))))).)))..)))))).)))),N/A
25278,25325,UUGCUGUAGUUGUCUCAAGGGCUGUUGUUCUUGUGGAUCCUGCUGCAA,((((.((((..(((((((((((....))))))).)))).)))).)))),N/A
25379,25406,CAUAAACGAACUUAUGGAUUUGUUUAUG,((((((((((........)))))))))),N/A
25452,25467,AAGGAUGCUACUCCUU,(((((......))))),N/A
25470,25577,GAUUUUGUUCGCGCUACUGCAACGAUACCGAUACAAGCCUCACUCCCUUUCGGAUGGCUUAUUGUUGGCGUUGCACUUCUUGCUGUUUUUCAGAGCGCUUCCAAAAUC,(((((((...(((((..(((((((...((((((.(((((....(((.....))).)))))..))))))))))))).......(((.....))))))))...))))))),N/A
26533,26552,CAACGGUACUAUUACCGUUG,((((((((....)))))))),N/A
26555,26569,GAGCUUAAAAAGCUC,(((((.....))))),N/A
26742,26860,AUUGGAUCACCGGUGGAAUUGCUAUCGCAAUGGCUUGUCUUGUAGGCUUGAUGUGGCUCAGCUACUUCAUUGCUUCUUUCAGACUGUUUGCGCGUACGCGUUCCAUGUGGUCAUUCAAU,(((((((.(((((((((((.((((((((((..((..((((...((((.(((.(((((...))))).)))..)))).....)))).))))))).))).))))))))).)))).))))))),N/A
26917,26995,GCUUCUAGAAAGUGAACUCGUAAUCGGAGCUGUGAUCCUUCGUGGACAUCUUCGUAUUGCUGGACACCAUCUAGGACGC,(((((((((..(((..((.((((((((((..(((.(((.....))))))))))).))))).)).)))..))))))).)),N/A
27006,27100,AGGACCUGCCUAAAGAAAUCACUGUUGCUACAUCACGAACGCUUUCUUAUUACAAAUUGGGAGCUUCGCAGCGUGUAGCAGGUGACUCAGGUUUU,((((((((.....((...(((((..((((((((..((((.((((((............))))))))))....))))))))))))))))))))))),N/A
27464,27485,UAGAGGUACAACAGUACUUUUA,(((((((((....))))))))),N/A
27533,27667,UCCUCUAGCUGAUAACAAAUUUGCACUGACUUGCUUUAGCACUCAAUUUGCUUUUGCUUGUCCUGACGGCGUAAAACACGUCUAUCAGUUACGUGCCAGAUCAGUUUCACCUAAACUGUUCAUCAGACAAGAGGA,((((((..(((((.........((((.(((..((...((((.......))))...))..)))((((.(((((.....)))))..))))....))))..((.((((((.....)))))).)))))))...)))))),N/A
27928,27960,UGUAGCUGCAUUUCACCAAGAAUGUAGUUUACA,(((((((((((((......)))))))))).))),N/A
27974,27995,CAUCAACCAUAUGUAGUUGAUG,(((((((........))))))),N/A
28012,28043,CUUCUAUUCUAAAUGGUAUAUUAGAGUAGGAG,((((((((((((........)))))))))))),N/A
28064,28117,AUUGAAUUGUGCGUGGAUGAGGCUGGUUCUAAAUCACCCAUUCAGUACAUCGAU,(((((..(((((.((((((.((.((((.....)))))))))))))))))))))),N/A
28781,28845,GCUUCUACGCAGAAGGGAGCAGAGGCGGCAGUCAAGCCUCUUCUCGUUCCUCAUCACGUAGUCGC,((..(((((..((.(((((((((((.(((......))).))))).))))))..)).)))))..)),N/A
28865,28949,CUCCAGGCAGCAGUAGGGGAACUUCUCCUGCUAGAAUGGCUGGCAAUGGCGGUGAUGCUGCUCUUGCUUUGCUGCUGCUUGACAG,((.(((((((((((((((((...))))))))).....(((.(((((.((((((...)))))).)))))..)))))))))))..)),N/A
29025,29051,UGCUGAGGCUUCUAAGAAGCCUCGGCA,((((((((((((...)))))))))))),N/A
29547,29612,CACAAGGCAGAUGGGCUAUAUAAACGUUUUCGCUUUUCCGUUUACGAUAUAUAGUCUACUCUUGUG,((((((..((.(((((((((((..(((...((......))...))).))))))))))))))))))),N/A
29621,29866,AUUCUCGUAACUACAUAGCACAAGUAGAUGUAGUUAACUUUAAUCUCACAUAGCAAUCUUUAAUCAGUGUGUAACAUUAGGGAGGACUUGAAAGAGCCACCACAUUUUCACCGAGGCCACGCGGAGUACGAUCGAGUGUACAGUGAACAAUGCUAGGGAGAGCUGCCUAUAUGGAAGAGCCCUAAUGUGUAAAAUUAAUUUUAGUAGUGCUAUCCCCAUGUGAUUUUAAUAGCUUCUUAGGAGAAU,((((((.(((((((((.((....))..)))))))))...((((..((((((((((..((..(((.(((.....(((((((((.((.(((....))))).((.(((((((((....((.((.((.........)).))))...))))).))))...)).....((.((.....)).))..))))))))).....))).)))..))...))))......))))))..))))...........)))))),N/A