183,227,CTGCAGGCTGCTTACGGTTTCGTCCGTGTTGCAGCCGATCATCAG,(((..((((((.(((((......)))))..))))))......)))
349,394,ACGTGGCTTTGGAGACTCCGTGGAGGAGGTCTTATCAGAGGCACGT,(((((.(((((((((((((.....)))).))))..))))).)))))
482,557,CGTTCGGATGCTCGAACTGCACCTCATGGTCATGTTATGGTTGAGCTGGTAGCAGAACTCGAAGGCATTCAGTACG,(((..((((((((((.(((((((...(((((((...)))))))....))).))))...))))..))))))...)))
651,725,AAGGAGCTGGTGGCCATAGTTACGGCGCCGATCTAAAGTCATTTGACTTAGGCGACGAGCTTGGCACTGATCCTT,(((((..(((((.(((.((((.((.((((......(((((....))))).)))).)))))))))))))).)))))
2938,3005,ACCACTGGGCATTGATTTAGATGAGTGGAGTATGGCTACATACTACTTATTTGATGAGTCTGGTGAGT,((((((((((.((...((((((((((..((((((....)))))))))))))))).)))))))))).))
3514,3597,GCAAGTTGAATCTGATGATTACATAGCTACTAATGGACCACTTAAAGTGGGTGGTAGTTGTGTTTTAAGCGGACACAATCTTGC,((((((((..((((......((((((((((((.....(((((...))))).))))))))))))......))))..))).)))))
3605,3647,TGTCTTCATGTTGTCGGCCCAAATGTTAACAAAGGTGAAGACA,(((((((((.((((.(((......))).))))..)))))))))
5400,5444,CACTTATCTTAGCCTACTGTAATAAGACAGTAGGTGAGTTAGGTG,((((((.((((.((((((((......)))))))))))).))))))
5476,5521,ACATGCCAATTTAGATTCTTGCAAAAGAGTCTTGAACGTGGTGTGT,((((((((....((((((((....))))))))......))))))))
5571,5629,TGTACATGGGCACACTTTCTTATGAACAATTTAAGAAAGGTGTTCAGATACCTTGTACG,(((((((((((((.((((((((.........))))))))))))))).......))))))
6032,6057,GCAAGCTTCGATAATTTTAAGTTTGT,((((((((.((....)).))))))))
6363,6389,CGCAGGGAATGGATAATCTTGCCTGCG,((((((.((.((....)))).))))))
6451,6497,TGAGTGTAATGTGAAAACTACCGAAGTTGTAGGAGACATTATACTTA,((((((((((((.....((((.......))))...))))))))))))
8846,8895,GAAGTGGGTTTTGTCGTGCCTGGTTTGCCTGGCACGATATTACGCACAAC,(..(((.((..(((((((((.((....)).)))))))))..)).)))..)
9348,9398,CTAATATGTTTACACCACTAATTCAACCTATTGGTGCTTTGGACATATCAG,((.(((((((((...(((((((.......)))))))...))))))))).))
9459,9524,TGAGGTTTAGAAGAGCTTTTGGTGAATACAGTCATGTAGTTGCCTTTAATACTTTACTATTCCTTA,(((((..(((.((((..((.(((((.((((....)))).)))))...))..)))).)))..)))))
10094,10135,GAGGGTTGTATGGTACAAGTAACTTGTGGTACAACTACACTT,(.(((((((((..((((((...))))))))))))))...).)
10157,10186,GTAGTTTACTGTCCAAGACATGTGATCTGC,((((.((((((((...)))).)))).))))
13806,13858,CACAATGGCAGACCTCGTCTATGCTTTAAGGCATTTTGATGAAGGTAATTGTG,((((((.....((((((((.(((((....)))))...)))).)))).))))))
14866,14945,GTTGATAAGTACTTTGATTGTTACGATGGTGGCTGTATTAATGCTAACCAAGTCATCGTCAACAACCTAGACAAATCAGC,((((((..((.((....(((((..(((((((((((........)......)))))))))))))))...))))..))))))
15178,15235,GCCGCCACTAGAGGAGCTACTGTAGTAATTGGAACAAGCAAATTCTATGGTGGTTGGC,((((((((((.(((((((..(((..........))))))...)))).))))))).)))
15481,15575,TCATCAGGAGATGCCACAACTGCTTATGCTAATAGTGTTTTTAACATTTGTCAAGCTGTCACGGCCAATGTTAATGCACTTTTATCTACTGATGG,(((((((.(((((........((....))....(((((..((((((((.(((..........))).)))))))).)))))..))))).)))))))
15629,15648,GTCTCTATAGAAATAGAGAT,((((((((....))))))))
15776,15800,TAAAGAACTTTAAGTCAGTTCTTTA,(((((((((.......)))))))))
17561,17650,GGCGTTGTCCTGCTGAAATTGTTGACACTGTGAGTGCTTTGGTTTATGATAATAAGCTTAAAGCACATAAAGACAAATCAGCTCAATGCT,(((((((....(((((..(((((.......((.((((((((((((((....))))))).))))))).))..))))).))))).)))))))
18078,18247,GGTAATCACTGGGTTACATCCTACACAGGCACCTACACACCTCAGTGTTGACACTAAATTCAAAACTGAAGGTTTATGTGTTGACATACCTGGCATACCTAAGGACATGACCTATAGAAGACTCATCTCTATGATGGGTTTTAAAATGAATTATCAAGTTAATGGTTACC,((((((((.(((((((..((((...((((.........((((((((.((((........)))).)))).)))).(((((....))))))))).........))))..)))))))...((((((((((.....))))))))))....(((....)))......))))))))
19704,19735,TAACACTGTTTACACAAAAGTTGATGGTGTTG,((((((((((.((......)).))))))))))
20515,20548,CTTGATGATTTTGTTGAAATAATAAAATCCCAAG,((((..(((((((((.....))))))))).))))
23656,23916,ACTTGGTGCAGAAAATTCAGTTGCTTACTCTAATAACTCTATTGCCATACCCACAAATTTTACTATTAGTGTTACCACAGAAATTCTACCAGTGTCTATGACCAAGACATCAGTAGATTGTACAATGTACATTTGTGGTGATTCAACTGAATGCAGCAATCTTTTGTTGCAATATGGCAGTTTTTGTACACAATTAAACCGTGCTTTAACTGGAATAGCTGTTGAACAAGACAAAAACACCCAAGAAGTTTTTGCACAAGT,((((..((((((((....(((((..........)))))....(((((((.................(((((((((((((((...(((((..((((((.......))))))..))))).(((((...))))))))))))))))...))))..((((((((....)))))))).)))))))((((((((.(((.........))).((((((.((.....))))))))....))))))))..........)))))))).))))
25720,25771,GCTTTAGTCTACTTCTTGCAGAGTATAAACTTTGTAAGAATAATAATGAGGC,((((((......((((((((((((....))))))))))))......))))))
26027,26064,ACCAGCTGTACTCAACTCAATTGAGTACAGACACTGGT,(((((((((((((((.....))))))))))...)))))
26534,26553,CAACGGTACTATTACCGTTG,((((((((....))))))))
27927,27963,ACTGTAGCTGCATTTCACCAAGAATGTAGTTTACAGT,(((((((((((((((......))))))))).))))))
28508,28635,AGTCCAGATGACCAAATTGGCTACTACCGAAGAGCTACCAGACGAATTCGTGGTGGTGACGGTAAAATGAAAGATCTCAGTCCAAGATGGTATTTCTACTACCTAGGAACTGGGCCAGAAGCTGGACT,(((((((..........(((....(((((....(((((((((.....)).)))))))..)))))...........((((((((.((.(((((....))))).)).)).)))))))))....)))))))
29503,29540,CATGAGCAGTGCTGACTCAACTCAGGCCTAAACTCATG,((((((.((..((((......))))..))...))))))
29629,29657,TAACTACATAGCACAAGTAGATGTAGTTA,(((((((((.((....))..)))))))))
29659,29853,CTTTAATCTCACATAGCAATCTTTAATCAGTGTGTAACATTAGGGAGGACTTGAAAGAGCCACCACATTTTCACCGAGGCCACGCGGAGTACGATCGAGTGTACAGTGAACAATGCTAGGGAGAGCTGCCTATATGGAAGAGCCCTAATGTGTAAAATTAATTTTAGTAGTGCTATCCCCATGTGATTTTAATAG,((((((..((((((((((..((..(((.(((.....(((((((((.((.(((....))))).((.(((((((((....(.(((.(((.......))).))))...))))).))))...)).....(..((.....))..)..))))))))).....))).)))..))...)))))......)))))..)))).))