1,120,AUUAAAGGUUUAUACCUUCCCAGGUAACAAACCAACCAACUUUCGAUCUCUUGUAGAUCUGUUCUCUAAACGAACUUUAAAAUCUGUGUGGCUGUCACUCGGCUGCAUGCUUAGUGCACU,......(((((.(((((....)))))..)))))...........(((((.....))))).((((.......))))..........(((..((((.....))))..)))((.....))...,-2.13,0.654132
41,158,UUUCGAUCUCUUGUAGAUCUGUUCUCUAAACGAACUUUAAAAUCUGUGUGGCUGUCACUCGGCUGCAUGCUUAGUGCACUCACGCAGUAUAAUUAAUAACUAAUUACUGUCGUUGACA,....(((((.....))))).........(((((..........(((((((..((.((((.(((.....))).))))))..)))))))..((((((.....))))))...)))))....,-2.91,0.998151
81,198,AAUCUGUGUGGCUGUCACUCGGCUGCAUGCUUAGUGCACUCACGCAGUAUAAUUAAUAACUAAUUACUGUCGUUGACAGGACACGAGUAACUCGUCUAUCUUCUGCAGGCUGCUUACG,...(((((((..((.((((.(((.....))).))))))..)))))))..((((((.....))))))..((.(((..(((((.(((((...))))).....)))))..))).)).....,-0.8,0.989529
121,238,CACGCAGUAUAAUUAAUAACUAAUUACUGUCGUUGACAGGACACGAGUAACUCGUCUAUCUUCUGCAGGCUGCUUACGGUUUCGUCCGUGUUGCAGCCGAUCAUCAGCACAUCUAGGU,...((((((..((((.....)))))))))).((((((((((.(((((...))))).....)))))..((((((.(((((......)))))..)))))).....)))))..........,-2.33,0.989119
159,278,GGACACGAGUAACUCGUCUAUCUUCUGCAGGCUGCUUACGGUUUCGUCCGUGUUGCAGCCGAUCAUCAGCACAUCUAGGUUUCGUCCGGGUGUGACCGAAAGGUAAGAUGGAGAGCCUUG,.....((((...(((.((((((((.....((((((.(((((......)))))..)))))).........(((((((.((......)))))))))(((....)))))))))))))).)))),-2.87,0.995523
319,438,GCCUGUUUUACAGGUUCGCGACGUGCUCGUACGUGGCUUUGGAGACUCCGUGGAGGAGGUCUUAUCAGAGGCACGUCAACAUCUUAAAGAUGGCACUUGUGGCUUAGUAGAAGUUGAAAA,.....((((((((((.(((((.((((..(.(((((.(((((((((((((.....))).)))))..))))).))))))..((((.....))))))))))))))))).))))))........,-2.56,0.632105
399,518,AUCUUAAAGAUGGCACUUGUGGCUUAGUAGAAGUUGAAAAAGGCGUUUUGCCUCAACUUGAACAGCCCUAUGUGUUCAUCAAACGUUCGGAUGCUCGAACUGCACCUCAUGGUCAUGUUA,........((((((((.((.((((..((..(((((((....(((.....))))))))))..)))))).)).))).))))).(((((((((....))))))((.(((....))))).))).,-1.66,0.621726
639,758,AGAACGGUAAUAAAGGAGCUGGUGGCCAUAGUUACGGCGCCGAUCUAAAGUCAUUUGACUUAGGCGACGAGCUUGGCACUGAUCCUUAUGAAGAUUUUCAAGAAAACUGGAACACUAAAC,....((((....(((((..(((((.(((.((((.((.((((......(((((....))))).)))).)))))))))))))).))))).((((....)))).....))))...........,-2.15,0.68264
719,838,GAUCCUUAUGAAGAUUUUCAAGAAAACUGGAACACUAAACAUAGCAGUGGUGUUACCCGUGAACUCAUGCGUGAGCUUAACGGAGGGGCAUACACUCGCUAUGUCGAUAACAACUUCUGU,.........((((..(((((.......)))))......(((((((((((((((..(((((...((((....))))....)))).)..)))).)))).))))))).........))))...,-1.76,0.874702
839,958,GGCCCUGAUGGCUACCCUCUUGAGUGCAUUAAAGACCUUCUAGCACGUGCUGGUAAAGCUUCAUGCACUUUGUCCGAACAACUGGACUUUAUUGACACUAAGAGGGGUGUAUACUGCUGC,((((.....)))).(((((((((((((((..(((.....(((((....))))).....))).)))))))).(((((......)))))............)))))))..............,-2.33,0.683093
919,1038,ACUGGACUUUAUUGACACUAAGAGGGGUGUAUACUGCUGCCGUGAACAUGAGCAUGAAAUUGCUUGGUACACGGAACGUUCUGAAAAGAGCUAUGAAUUGCAGACACCUUUUGAAAUUAA,.....................(((((((((...((((..(((((.((.((((((......)))))))).)))))...(((((....)))))........)))))))))))))........,-4.38,0.999392
1119,1238,AACCAAGGGUUGAAAAGAAAAAGCUUGAUGGCUUUAUGGGUAGAAUUCGAUCUGUCUAUCCAGUUGCGUCACCAAAUGAAUGCAACCAAAUGUGCCUUUCAACUCUCAUGAAGUGUGAUC,......(((((((((....((((((....)))))).((((((((..........))))))))(((((((((.....)).)))))))..........)))))))))((((.....))))..,-1.94,0.818421
1159,1278,UAGAAUUCGAUCUGUCUAUCCAGUUGCGUCACCAAAUGAAUGCAACCAAAUGUGCCUUUCAACUCUCAUGAAGUGUGAUCAUUGUGGUGAAACUUCAUGGCAGACGGGCGAUUUUGUUAA,..(((.(((.(((((((.....(((((((((.....)).)))))))...................(((((((((.(.(((.....))).).))))))))).)))))))))).))).....,-1.29,0.878661
1199,1318,UGCAACCAAAUGUGCCUUUCAACUCUCAUGAAGUGUGAUCAUUGUGGUGAAACUUCAUGGCAGACGGGCGAUUUUGUUAAAGCCACUUGCGAAUUUUGUGGCACUGAGAAUUUGACUAAA,......((((((((((...(((....((((((((.(.(((.....))).).))))))))((((...(((............)))..)))).....))).))))).....)))))......,-0.42,0.90989
1239,1358,AUUGUGGUGAAACUUCAUGGCAGACGGGCGAUUUUGUUAAAGCCACUUGCGAAUUUUGUGGCACUGAGAAUUUGACUAAAGAAGGUGCCACUACUUGUGGUUACUUACCCCAAAAUGCUG,.((((.((((....)))).))))...(((.((((((.....(((((...........)))))....................(((((((((.....)))).)))))....))))))))).,-0.75,0.980858
1559,1678,GGUUGUAACCAUACAGGUGUUGUUGGAGAAGGUUCCGAAGGUCUUAAUGACAACCUUCUUGAAAUACUCCAAAAAGAGAAAGUCAACAUCAAUAUUGUUGGUGACUUUAAACUUAAUGAA,(((....))).....((.((..((.(((((((((......(((.....)))))))))))).))..)).))...(((..(((((((.((.((....)).)).)))))))...)))......,-1.18,0.940685
1599,1718,GUCUUAAUGACAACCUUCUUGAAAUACUCCAAAAAGAGAAAGUCAACAUCAAUAUUGUUGGUGACUUUAAACUUAAUGAAGAGAUCGCCAUUAUUUUGGCAUCUUUUUCUGCUUCCACAA,(((.....)))...((((((((....(((......)))(((((((.((.((....)).)).)))))))....)))).))))((((.((((......))))))))................,-2,0.955398
1639,1758,AGUCAACAUCAAUAUUGUUGGUGACUUUAAACUUAAUGAAGAGAUCGCCAUUAUUUUGGCAUCUUUUUCUGCUUCCACAAGUGCUUUUGUGGAAACUGUGAAAGGUUUGGAUUAUAAAGC,...(((((.......)))))((((.(((((((((...((((((((.((((......))))))))))))....(((((((((....)))))))))........))))))))))))).....,-2.86,0.780193
1719,1838,GUGCUUUUGUGGAAACUGUGAAAGGUUUGGAUUAUAAAGCAUUCAAACAAAUUGUUGAAUCCUGUGGUAAUUUUAAAGUUACAAAAGGAAAAGCUAAAAAAGGUGCCUGGAAUAUUGGUG,...((((..((....).)..))))((((((((........)))))))).....(((...((((...((((((....))))))...))))..)))..........(((.........))).,-0.71,0.680618
2119,2238,CACUGUUUAUGAAAAACUCAAACCCGUCCUUGAUUGGCUUGAAGAGAAGUUUAAGGAAGGUGUAGAGUUUCUUAGAGACGGUUGGGAAAUUGUUAAAUUUAUCUCAACCUGUGCUUGUGA,(((.((((.(((.((((((..(((..(((((((...((((......))))))))))).)))...)))))).))).))))((((((((((((....))))..)))))))).......))).,-2.75,0.947794
2159,2278,GAAGAGAAGUUUAAGGAAGGUGUAGAGUUUCUUAGAGACGGUUGGGAAAUUGUUAAAUUUAUCUCAACCUGUGCUUGUGAAAUUGUCGGUGGACAAAUUGUCACCUGUGCAAAGGAAAUU,........((((.((((((.(....).))))))..))))((((((((((((....))))..))))))))((..(..((((..(((((....)))))....))))..)..)).........,-1.62,0.99348
2319,2438,UUUUGGCUUUGUGUGCUGACUCUAUCAUUAUUGGUGGAGCUAAACUUAAAGCCUUGAAUUUAGGUGAAACAUUUGUCACGCACUCAAAGGGAUUGUACAGAAAGUGUGUUAAAUCCAGAG,......(((((.(((((((((((((((....))))))).....(((((((........))))))).........)))).)))).)))))(((((.((((.....))))...)))))....,-2.11,0.583913
2479,2586,AAUUAUCUUCUUAGAGGGAGAAACACUUCCCACAGAAGUGUUAACAGAGGAAGUUGUCUUGAAAACUGGUGAUUUACAACCAUUAGAACAACCUACUAGUGAAGCUGU,.....((((((....))))))((((((((.....))))))))..((.((...(((((..(((....((((........)))))))..)))))...))..)).......,-0.41,0.665554
2519,2626,UUAACAGAGGAAGUUGUCUUGAAAACUGGUGAUUUACAACCAUUAGAACAACCUACUAGUGAAGCUGUUGAAGCUCCAUUGGUUGGUACACCAGUUUGUAUUAACGGG,............((((......(((((((((.((((.......))))...(((.(((((((.((((.....)))).))))))).))).)))))))))....))))...,-1.93,0.982422
2707,2823,ACUCAAAGGCGGUGCACCAACAAAGGUUACUUUUGGUGAUGACACUGUGAUAGAAGUGCAAGGUUACAAGAGUGUGAAUAUCACUUUUGAACUUGAUGAAAGGAUUGAUAAAGUACU,........((((((((((((..(((....)))))))))....))))))......(((((.(((((.((((((((.......)))))))))))))(((......)))......))))),-1.35,0.529533
2744,2863,GAUGACACUGUGAUAGAAGUGCAAGGUUACAAGAGUGUGAAUAUCACUUUUGAACUUGAUGAAAGGAUUGAUAAAGUACUUAAUGAGAAGUGCUCUGCCUAUACAGUUGAACUCGGUACA,......((((((.(((....((((((((.((((((((.......))))))))))))).................(((((((......))))))).)))))))))))).............,-0.52,0.705748
2904,3023,UAAAAACUUUGCAACCAGUAUCUGAAUUACUUACACCACUGGGCAUUGAUUUAGAUGAGUGGAGUAUGGCUACAUACUACUUAUUUGAUGAGUCUGGUGAGUUUAAAUUGGCUUCACAUA,..............((((((.......)))(((.(((((..(((.((...((((((((((..((((((....)))))))))))))))).)))))..))).)).)))..))).........,-0.97,0.991278
2944,3063,GGGCAUUGAUUUAGAUGAGUGGAGUAUGGCUACAUACUACUUAUUUGAUGAGUCUGGUGAGUUUAAAUUGGCUUCACAUAUGUAUUGUUCUUUCUACCCUCCAGAUGAGGAUGAAGAAGA,..((((((..((((((((((..((((((....))))))))))))))))((((.(..((........))..).)))))).))))....((((((....((((.....))))..))))))..,-0.32,0.993949
3095,3211,UCAACUCAAUAUGAGUAUGGUACUGAAGAUGAUUACCAAGGUAAACCUUUGGAAUUUGGUGCCACUUCUGCUGCUCUUCAACCUGAAGAAGAGCAAGAAGAAGAUUGGUUAGAUGAU,(((((((.....)))).((((((..((........((((((.....))))))..))..))))))(((((..((((((((........))))))))...)))))..........))).,-3.59,0.892363
3372,3491,ACAAUGUAUACAUUAAAAAUGCAGACAUUGUGGAAGAAGCUAAAAAGGUAAAACCAACAGUGGUUGUUAAUGCAGCCAAUGUUUACCUUAAACAUGGAGGAGGUGUUGCAGGAGCCUUAA,(((((((...(((.....)))...))))))).......(((......((((.(((((((.(((((((....))))))).))))..((((.......)))).))).))))...))).....,-1.86,0.510615
3492,3608,AUAAGGCUACUAACAAUGCCAUGCAAGUUGAAUCUGAUGAUUACAUAGCUACUAAUGGACCACUUAAAGUGGGUGGUAGUUGUGUUUUAAGCGGACACAAUCUUGCUAAACACUGUC,....(((..........)))..((((((((..((((...(..((((((((((((.....((((.....)))).))))))))))))..)...))))..))).)))))...........,-3.58,0.520109
3809,3898,CUCUAUGACAAACUUGUUUCAAGCUUUUUGGAAAUGAAGAGUGAAAAGCAAGUUGAACAAAAGAUCGCUGAGAUUCCUAAAGAGGAAGUU,(((..(((..(((((((((...(((((((......)))))))...)))))))))..........)))..))).(((((....)))))...,-1.32,0.982936
4055,4174,CAUCCAGAUUCUGCCACUCUUGUUAGUGACAUUGACAUCACUUUCUUAAAGAAAGAUGCUCCAUAUAUAGUGGGUGAUGUUGUUCAAGAGGGUGUUUUAACUGCUGUGGUUAUACCUACU,....(((.....(((.((((((..((..(((((.......(((((.....)))))..((.((((.....)))))))))))..))))))))))).......)))..((((......)))).,-0.02,0.840819
4095,4214,CUUUCUUAAAGAAAGAUGCUCCAUAUAUAGUGGGUGAUGUUGUUCAAGAGGGUGUUUUAACUGCUGUGGUUAUACCUACUAAAAAGGCUGGUGGCACUACUGAAAUGCUAGCGAAAGCUU,..(((((.((.((...(((.((((.....)))))))...)).)).)))))(((((((((......(((((..((((..((.....))..))))..))))))))))))))(((....))).,0.4,0.957563
4135,4254,UGUUCAAGAGGGUGUUUUAACUGCUGUGGUUAUACCUACUAAAAAGGCUGGUGGCACUACUGAAAUGCUAGCGAAAGCUUUGAGAAAAGUGCCAACAGACAAUUAUAUAACCACUUACCC,.........(((((...........((((((((((((.......)))(((.(((((((.((.((.....(((....))))).))...))))))).))).......))))))))).))))),-2.68,0.879596
4175,4294,AAAAAGGCUGGUGGCACUACUGAAAUGCUAGCGAAAGCUUUGAGAAAAGUGCCAACAGACAAUUAUAUAACCACUUACCCGGGUCAGGGUUUAAAUGGUUACACUGUAGAGGAGGCAAAG,.....(.(((.(((((((.((.((.....(((....))))).))...))))))).))).)..(((((((((((...((((......)))).....))))))...)))))...........,-1.33,0.993293
4215,4334,UGAGAAAAGUGCCAACAGACAAUUAUAUAACCACUUACCCGGGUCAGGGUUUAAAUGGUUACACUGUAGAGGAGGCAAAGACAGUGCUUAAAAAGUGUAAAAGUGCCUUUUACAUUCUAC,..((((.((((................((((((...((((......)))).....))))))))))(((((..(((((...(((.(........).))).....)))))))))).))))..,-0.39,0.940291
4295,4414,ACAGUGCUUAAAAAGUGUAAAAGUGCCUUUUACAUUCUACCAUCUAUUAUCUCUAAUGAGAAGCAAGAAAUUCUUGGAACUGUUUCUUGGAAUUUGCGAGAAAUGCUUGCACAUGCAGAA,.............((((((((((...))))))))))......(((....((((....)))).(((..(((((((.((((....)))).)))))))(((((.....)))))...)))))).,-1.18,0.800059
4415,4534,GAAACACGCAAAUUAAUGCCUGUCUGUGUGGAAACUAAAGCCAUAGUUUCAACUAUACAGCGUAAAUAUAAGGGUAUUAAAAUACAAGAGGGUGUGGUUGAUUAUGGUGCUAGAUUUUAC,....((((((.((........)).))))))(((((((..(((((((..((((((((((...((((((((....)))))....)))......)))))))))))))))))..))).))))..,-1.71,0.855431
4535,4654,UUUUACACCAGUAAAACAACUGUAGCGUCACUUAUCAACACACUUAACGAUCUAAAUGAAACUCUUGUUACAAUGCCACUUGGCUAUGUAACACAUGGCUUAAAUUUGGAAGAAGCUGCU,((((((....)))))).....(((((.((.....((............))(((((((..((..(.(((((((..(((....)))..)))))))...)..))..))))))).)).))))).,-2.05,0.989509
4575,4694,CACUUAACGAUCUAAAUGAAACUCUUGUUACAAUGCCACUUGGCUAUGUAACACAUGGCUUAAAUUUGGAAGAAGCUGCUCGGUAUAUGAGAUCUCUCAAAGUGCCAGCUACAGUUUCUG,..........(((((((..((..(.(((((((..(((....)))..)))))))...)..))..)))))))((((((((((.(((((.((((....))))..))))))))...))))))).,-3.73,0.971002
4815,4931,CUGGACAAUCUACACAACUAGGUAUAGAAUUUCUUAAGAGAGGUGAUAAAAGUGUAUAUUACACUAGUAAUCCUACCACAUUCCACCUAGAUGGUGAAGUUAUCACCUUUGACAAUC,..(((.(.((((.((......)).)))).).)))....(((((((((((.((((((...))))))..................((((.....))))...))))))))))).......,-1.23,0.513703
4932,5051,UUAAGACACUUCUUUCUUUGAGAGAAGUGAGGACUAUUAAGGUGUUUACAACAGUAGACAACAUUAACCUCCACACGCAAGUUGUGGACAUGUCAAUGACAUAUGGACAACAGUUUGGUC,......((((((((((...))))))))))..(((((((((..(((((((....)))))))...))))(((((((((....).)))))).(((((...)))))..)).........))))),-3.34,0.5
4972,5091,GGUGUUUACAACAGUAGACAACAUUAACCUCCACACGCAAGUUGUGGACAUGUCAAUGACAUAUGGACAACAGUUUGGUCCAACUUAUUUGGAUGGAGCUGAUGUUACUAAAAUAAAACC,(((((((((....))))))(((((...(((((((((....).)))))).(((((...)))))..))....((((((.((((((.....)))))).)))))))))))...........))),-3.72,0.932456
5012,5131,GUUGUGGACAUGUCAAUGACAUAUGGACAACAGUUUGGUCCAACUUAUUUGGAUGGAGCUGAUGUUACUAAAAUAAAACCUCAUAAUUCACAUGAAGGUAAAACAUUUUAUGUUUUACCU,..((((((.(((((...)))))...((((.((((((.((((((.....)))))).)))))).))))....................))))))...(((((((((((...))))))))))),-4.19,0.962816
5052,5171,CAACUUAUUUGGAUGGAGCUGAUGUUACUAAAAUAAAACCUCAUAAUUCACAUGAAGGUAAAACAUUUUAUGUUUUACCUAAUGAUGACACUCUACGUGUUGAGGCUUUUGAGUACUACC,..(((((...((.((((((....))).)))........((((........(((..(((((((((((...))))))))))).)))..(((((.....)))))))))))..)))))......,-2.83,0.850764
5092,5211,UCAUAAUUCACAUGAAGGUAAAACAUUUUAUGUUUUACCUAAUGAUGACACUCUACGUGUUGAGGCUUUUGAGUACUACCACACAACUGAUCCUAGUUUUCUGGGUAGGUACAUGUCAGC,..........(((..(((((((((((...))))))))))).))).((((((((........)))........((((((((.((.(((((....)))))...)))))).)))).)))))..,-2.19,0.741025
5212,5331,AUUAAAUCACACUAAAAAGUGGAAAUACCCACAAGUUAAUGGUUUAACUUCUAUUAAAUGGGCAGAUAACAACUGUUAUCUUGCCACUGCAUUGUUAACACUCCAACAAAUAGAGUUGAA,.........((.(((...((((......))))...))).)).(((((((.(((((.....((((((((((....)))))).)))).......((((........)))))))))))))))),-2.76,0.997857
5252,5371,GGUUUAACUUCUAUUAAAUGGGCAGAUAACAACUGUUAUCUUGCCACUGCAUUGUUAACACUCCAACAAAUAGAGUUGAAGUUUAAUCCACCUGCUCUACAAGAUGCUUAUUACAGAGCA,((...((((((.(((.....((((((((((....)))))).)))).(((..(((((........))))).)))))).))))))....))....(((((..((........))..))))).,-2.28,0.911794
5292,5411,UUGCCACUGCAUUGUUAACACUCCAACAAAUAGAGUUGAAGUUUAAUCCACCUGCUCUACAAGAUGCUUAUUACAGAGCAAGGGCUGGUGAAGCUGCUAACUUUUGUGCACUUAUCUUAG,.......(((((((((........)))))..(((((((.(((((....((((.(((((......(((((......)))))))))).)))))))))..)))))))..))))..........,-0.1,0.605953
5332,5451,GUUUAAUCCACCUGCUCUACAAGAUGCUUAUUACAGAGCAAGGGCUGGUGAAGCUGCUAACUUUUGUGCACUUAUCUUAGCCUACUGUAAUAAGACAGUAGGUGAGUUAGGUGAUGUUAG,........((((.(((((......(((((......)))))))))).))))......(((((.......((((((.((((.((((((((......)))))))))))).))))))..))))),-2.53,0.990115
5452,5571,AGAAACAAUGAGUUACUUGUUUCAACAUGCCAAUUUAGAUUCUUGCAAAAGAGUCUUGAACGUGGUGUGUAAAACUUGUGGACAACAGCAGACAACCCUUAAGGGUGUAGAAGCUGUUAU,.(((((((........))))))).((((((((....((((((((....))))))))......)))))))).............((((((..(((.(((....))))))....))))))..,-3.54,0.63085
5652,5771,AUCUAGUACAACAGGAGUCACCUUUUGUUAUGAUGUCAGCACCACCUGCUCAGUAUGAACUUAAGCAUGGUACAUUUACUUGUGCUAGUGAGUACACUGGUAAUUACCAGUGUGGUCACU,...((((((((((((((....))))))))..(((((....((((..((((.(((....)))..))))))))))))).....))))))((((.(((((((((....))))))))).)))).,-2.77,0.992205
5692,5811,ACCACCUGCUCAGUAUGAACUUAAGCAUGGUACAUUUACUUGUGCUAGUGAGUACACUGGUAAUUACCAGUGUGGUCACUAUAAACAUAUAACUUCUAAAGAAACUUUGUAUUGCAUAGA,...(((((((.(((....)))..)))).)))........((((((((((((.(((((((((....))))))))).)))))).....((((((.(((....)))...)))))).)))))).,-3.18,0.930623
5732,5851,UGUGCUAGUGAGUACACUGGUAAUUACCAGUGUGGUCACUAUAAACAUAUAACUUCUAAAGAAACUUUGUAUUGCAUAGACGGUGCUUUACUUACAAAGUCCUCAGAAUACAAAGGUCCU,(((..((((((.(((((((((....))))))))).))))))...))).................(((((((((.(...((.((.(((((......))))))))).)))))))))).....,-3.51,0.866626
6012,6131,CAAACCAACCAUAUCCAAACGCAAGCUUCGAUAAUUUUAAGUUUGUAUGUGAUAAUAUCAAAUUUGCUGAUGAUUUAAACCAGUUAACUGGUUAUAAGAAACCUGCUUCAAGAGAGCUUA,...........((((((...((((((((.((....)).)))))))).)).)))).(((((.......))))).....((((((....))))))...........((((.....))))...,-1.25,0.784693
6092,6211,CAGUUAACUGGUUAUAAGAAACCUGCUUCAAGAGAGCUUAAAGUUACAUUUUUCCCUGACUUAAAUGGUGAUGUGGUGGCUAUUGAUUAUAAACACUACACACCCUCUUUUAAGAAAGGA,..((.((((((((......)))).((((.....))))....)))))).......(((..((((((.((((.(((((((..(((.....)))..)))))))))))....))))))..))).,-2.57,0.93916
6132,6251,AAGUUACAUUUUUCCCUGACUUAAAUGGUGAUGUGGUGGCUAUUGAUUAUAAACACUACACACCCUCUUUUAAGAAAGGAGCUAAAUUGUUACAUAAACCUAUUGUUUGGCAUGUUAACA,..(((((((.....(((..((((((.((((.(((((((..(((.....)))..)))))))))))....))))))..))).(((((((.(((.....))).....)))))))))).)))).,-3.29,0.569246
6212,6331,GCUAAAUUGUUACAUAAACCUAUUGUUUGGCAUGUUAACAAUGCAACUAAUAAAGCCACGUAUAAACCAAAUACCUGGUGUAUACGUUGUCUUUGGAGCACAAAACCAGUUGAAACAUCA,(((..((((((((((...((........)).))).)))))))........((((((.(((((((.((((......)))).))))))).).))))).))).....................,-1.03,0.997502
6252,6371,AUGCAACUAAUAAAGCCACGUAUAAACCAAAUACCUGGUGUAUACGUUGUCUUUGGAGCACAAAACCAGUUGAAACAUCAAAUUCGUUUGAUGUACUGAAGUCAGAGGACGCGCAGGGAA,.(((......((((((.(((((((.((((......)))).))))))).).)))))..((.......((((....((((((((....))))))))))))..(((....)))))))).....,-2.52,0.998504
6412,6531,AGAAGUAGUGGAAAAUCCUACCAUACAGAAAGACGUUCUUGAGUGUAAUGUGAAAACUACCGAAGUUGUAGGAGACAUUAUACUUAAACCAGCAAAUAAUAGUUUAAAAAUUACAGAAGA,....(((((((.....))................(((.(((((((((((((.....((((.......))))...)))))))))))))...)))................)))))......,-1.1,0.922381
6452,6571,GAGUGUAAUGUGAAAACUACCGAAGUUGUAGGAGACAUUAUACUUAAACCAGCAAAUAAUAGUUUAAAAAUUACAGAAGAGGUUGGCCACACAGAUCUAAUGGCUGCUUAUGUAGACAAU,(((((((((((.....((((.......))))...))))))))))).........................(((((....((((.(((((...........))))))))).))))).....,-0.83,0.980693
6612,6731,UAUUAGGUUUGAAAACCCUUGCUACUCAUGGUUUAGCUGCUGUUAAUAGUGUCCCUUGGGAUACUAUAGCUAAUUAUGCUAAGCCUUUUCUUAACAAAGUUGUUAGUACAACUACUAACA,.....((((....))))............((((((((....((((.((((((((....)))))))))))).......))))))))...............((((((((....)))))))),-2.94,0.720674
6972,7091,UAAGUGUUUGCCUAGGUUCUUUAAUCUACUCAACCGCUGCUUUAGGUGUUUUAAUGUCUAAUUUAGGCAUGCCUUCUUACUGUACUGGUUACAGAGAAGGCUAUUUGAACUCUACUAAUG,..((((.(((..((((((....))))))..))).))))....((((.((((..(((((((...)))))))(((((((..(((((.....)))))))))))).....))))))))......,-1.9,0.963217
7012,7131,UUUAGGUGUUUUAAUGUCUAAUUUAGGCAUGCCUUCUUACUGUACUGGUUACAGAGAAGGCUAUUUGAACUCUACUAAUGUCACUAUUGCAACCUACUGUACUGGUUCUAUACCUUGUAG,..(((((((..(((((((((...)))))))(((((((..(((((.....)))))))))))).......................))..)).)))))...(((.(((.....)))..))).,-1.36,0.998876
7052,7171,UGUACUGGUUACAGAGAAGGCUAUUUGAACUCUACUAAUGUCACUAUUGCAACCUACUGUACUGGUUCUAUACCUUGUAGUGUUUGUCUUAGUGGUUUAGAUUCUUUAGACACCUAUCCU,(((.(((....))).(((((..((((((((...((....))(((((..(((((((((......(((.....)))..)))).).))))..))))))))))))))))))..)))........,0.99,0.995968
7132,7251,UGUUUGUCUUAGUGGUUUAGAUUCUUUAGACACCUAUCCUUCUUUAGAAACUAUACAAAUUACCAUUUCAUCUUUUAAAUGGGAUUUAACUGCUUUUGGCUUAGUUGCAGAGUGGUUUUU,.((((((..((((.(((((((...)))))))..(((........)))..)))).))))))..((((((........)))))).....(((..(((...((......)).)))..)))...,-0.12,0.99198
7172,7291,UCUUUAGAAACUAUACAAAUUACCAUUUCAUCUUUUAAAUGGGAUUUAACUGCUUUUGGCUUAGUUGCAGAGUGGUUUUUGGCAUAUAUUCUUUUCACUAGGUUUUUCUAUGUACUUGGA,...(((((((((((..(((((.((((((........)))))))))))..((((..(((...)))..)))).)))))))))))...............((((((..........)))))).,-0.53,0.945279
7452,7571,GUUAUGUGCAUGUUGUAGACGGUUGUAAUUCAUCAACUUGUAUGAUGUGUUACAAACGUAAUAGAGCAACAAGAGUCGAAUGUACAACUAUUGUUAAUGGUGUUAGAAGGUCCUUUUAUG,....((((((((((((..(((.(((((((.(((((.......))))).))))))).)))......)))))).........))))))(((((.....)))))..((((((...))))))..,0,0.685252
7772,7891,CUUUACUUUGAUAAAGCUGGUCAAAAGACUUAUGAAAGACAUUCUCUCUCUCAUUUUGUUAACUUAGACAACCUGAGAGCUAAUAACACUAAAGGUUCAUUGCCUAUUAAUGUUAUAGUU,.....((((.((((..((.......))..)))).)))).........((((((..(((((......)))))..))))))...((((((.(((((((.....)))).))).))))))....,-1.93,0.967397
8092,8211,CAAAACACUAGUUGCAACUGCAGAAGCUGAACUUGCAAAGAAUGUGUCCUUAGACAAUGUCUUAUCUACUUUUAUUUCAGCAGCUCGGCAAGGGUUUGUUGAUUCAGAUGUAGAAACUAA,........(((((((((...(((...)))...)))).((((...((((....))))...)))).(((((.(((...((((((((((.....))).)))))))...))).)))))))))).,-0.83,0.885543
8132,8251,AAUGUGUCCUUAGACAAUGUCUUAUCUACUUUUAUUUCAGCAGCUCGGCAAGGGUUUGUUGAUUCAGAUGUAGAAACUAAAGAUGUUGUUGAAUGUCUUAAAUUGUCACAUCAAUCUGAC,.(((((.(....(((((((((((.(((((.(((...((((((((((.....))).)))))))...))).))))).....))))))))))).(((.......)))).))))).........,-0.86,0.805837
8292,8411,CCUAUAACAAAGUUGAAAACAUGACACCCCGUGACCUUGGUGCUUGUAUUGACUGUAGUGCGCGUCAUAUUAAUGCGCAGGUAGCAAAAAGUCACAACAUUGCUUUGAUAUGGAACGUUA,.(((((.((((((((.......(......)(((((.(((.(((((((((((....))))))(((.(((....))))))))))).)))...)))))..))..)))))).))))).......,-0.54,0.5
8691,8810,ACAAGGCUAUUGAUGGUGGUGUCACUCGUGACAUAGCAUCUACAGAUACUUGUUUUGCUAACAAACAUGCUGAUUUUGACACAUGGUUUAGCCAGCGUGGUGGUAGUUAUACUAAUGACA,(((((.((...((((.((.(((((....))))))).))))...))...)))))..(((((.....(((((((.....(((.....)))....))))))).)))))(((((....))))).,-0.49,0.858918
8811,8930,AAGCUUGCCCAUUGAUUGCUGCAGUCAUAACAAGAGAAGUGGGUUUUGUCGUGCCUGGUUUGCCUGGCACGAUAUUACGCACAACUAAUGGUGACUUUUUGCAUUUCUUACCUAGAGUUU,((((((.......((.(((...((((((......((..(((.((..(((((((((.((....)).)))))))))..)).)))..))....))))))....)))..)).......)))))),-3.51,0.566089
8851,8970,GGGUUUUGUCGUGCCUGGUUUGCCUGGCACGAUAUUACGCACAACUAAUGGUGACUUUUUGCAUUUCUUACCUAGAGUUUUUAGUGCAGUUGGUAACAUCUGUUACACACCAUCAAAACU,(.((..(((((((((.((....)).)))))))))..)).).......((((((.....(((((((....((.....))....)))))))...(((((....))))).)))))).......,-4.03,0.80764
9211,9330,GUACUGUAGGCACGGCACUUGUGAAAGAUCAGAAGCUGGUGUUUGUGUAUCUACUAGUGGUAGAUGGGUACUUAACAAUGAUUAUUACAGAUCUUUACCAGGAGUUUUCUGUGGUGUAGA,(((((.(((((((.(..(((.(((....))).))).).)))))))..(((((((.....))))))))))))...........(((((((((.((((....))))...)))))))))....,-0.31,0.939291
9251,9370,GUUUGUGUAUCUACUAGUGGUAGAUGGGUACUUAACAAUGAUUAUUACAGAUCUUUACCAGGAGUUUUCUGUGGUGUAGAUGCUGUAAAUUUACUUACUAAUAUGUUUACACCACUAAUU,(((...((((((((((....))).)))))))..)))..........(((((.((((....))))...)))))(((((((((...((((......))))......))))))))).......,-0.53,0.93408
9371,9490,CAACCUAUUGGUGCUUUGGACAUAUCAGCAUCUAUAGUAGCUGGUGGUAUUGUAGCUAUCGUAGUAACAUGCCUUGCCUACUAUUUUAUGAGGUUUAGAAGAGCUUUUGGUGAAUACAGU,..(((....(((..(((((((...(((......((((((((....(((((.((.((((...)))).)))))))..).)))))))....))).)))))))...)))...))).........,0.8,0.64692
9411,9530,CUGGUGGUAUUGUAGCUAUCGUAGUAACAUGCCUUGCCUACUAUUUUAUGAGGUUUAGAAGAGCUUUUGGUGAAUACAGUCAUGUAGUUGCCUUUAAUACUUUACUAUUCCUUAUGUCAU,..((((((((.((.((((...)))).)))))))..)))........(((((((..(((.((((..((.((..(.((((....)))).)..))...))..)))).)))..)))))))....,-1.74,0.940215
9611,9730,CUUACUAAUGAUGUUUCUUUUUUAGCACAUAUUCAGUGGAUGGUUAUGUUCACACCUUUAGUACCUUUCUGGAUAACAAUUGCUUAUAUCAUUUGUAUUUCCACAAAGCAUUUCUAUUGG,.......(((.((((........))))))).....((((((......)))))).((..(((...((((.((((..((((.((.......)).))))...)))).)))).....)))..)),-0.85,0.931826
10131,10250,CACUUAACGGUCUUUGGCUUGAUGACGUAGUUUACUGUCCAAGACAUGUGAUCUGCACCUCUGAAGACAUGCUUAACCCUAAUUAUGAAGAUUUACUCAUUCGUAAGUCUAAUCAUAAUU,.........(((((..((.....)..((((.((((((((...)))).)))).))))....)..)))))............((((((((((((((((......))))))))..)))))))),-2.64,0.691677
10371,10490,UUCAACCAGGACAGACUUUUUCAGUGUUAGCUUGUUACAAUGGUUCACCAUCUGGUGUUUACCAAUGUGCUAUGAGGCCCAAUUUCACUAUUAAGGGUUCAUUCCUUAAUGGUUCAUGUG,((((..((((.(.(((.........))).))))).((((.((((.((((....))))...)))).))))...))))..........(((((((((((.....))))))))))).......,-0.96,0.737955
10411,10530,UGGUUCACCAUCUGGUGUUUACCAAUGUGCUAUGAGGCCCAAUUUCACUAUUAAGGGUUCAUUCCUUAAUGGUUCAUGUGGUAGUGUUGGUUUUAACAUAGAUUAUGACUGUGUCUCUUU,((((.((((....))))...)))).........((((((((.....(((((((((((.....))))))))))).....)))((((..((((((......))))))..)))).)))))...,-2.32,0.628032
10451,10570,AAUUUCACUAUUAAGGGUUCAUUCCUUAAUGGUUCAUGUGGUAGUGUUGGUUUUAACAUAGAUUAUGACUGUGUCUCUUUUUGUUACAUGCACCAUAUGGAAUUACCAACUGGAGUUCAU,......(((((((((((.....))))))))))).((((((((.((((........((((((.......))))))...........))))..))))))))(((((.((....)))))))..,-2.71,0.626644
10851,10970,CUUCAUUAAAAGAAUUACUGCAAAAUGGUAUGAAUGGACGUACCAUAUUGGGUAGUGCUUUAUUAGAAGAUGAAUUUACACCUUUUGAUGUUGUUAGACAAUGCUCAGGUGUUACUUUCC,((((....((((.((((((.(((.((((((((......)))))))).))))))))).))))....))))..(((...((((((...(.(((((.....))))))..))))))....))).,-2.67,0.920372
10931,11050,CCUUUUGAUGUUGUUAGACAAUGCUCAGGUGUUACUUUCCAAAGUGCAGUGAAAAGAACAAUCAAGGGUACACACCACUGGUUGUUACUCACAAUUUUGACUUCACUUUUAGUUUUAGUC,...((((((((((.....))))).)))))((..(((....((((((.(((.((((.((((((((..(((....)))..))))))))........)))).))).)))))).)))..))...,0.29,0.849744
10971,11090,AAAGUGCAGUGAAAAGAACAAUCAAGGGUACACACCACUGGUUGUUACUCACAAUUUUGACUUCACUUUUAGUUUUAGUCCAGAGUACUCAAUGGUCUUUGUUCUUUUUUUUGUAUGAAA,...((((((.(((((((((((.((..(((....)))..))((((.(((((...(((..((((........))))..)))...)))))..)))).....))))))))))).))))))....,-1.44,0.991784
11011,11130,GUUGUUACUCACAAUUUUGACUUCACUUUUAGUUUUAGUCCAGAGUACUCAAUGGUCUUUGUUCUUUUUUUUGUAUGAAAAUGCCUUUUUACCUUUUGCUAUGGGUAUUAUUGCUAUGUC,..((.(((((...(((..((((........))))..)))...)))))..))(((((................((((....)))).....(((((........))))).....)))))...,0.12,0.92184
11051,11170,CAGAGUACUCAAUGGUCUUUGUUCUUUUUUUUGUAUGAAAAUGCCUUUUUACCUUUUGCUAUGGGUAUUAUUGCUAUGUCUGCUUUUGCAAUGAUGUUUGUCAAACAUAAGCAUGCAUUU,(((((.(((....))))))))..........((((((.....((..(..(((((........)))))..)..))(((((.(((....))).((((....)))).)))))..))))))...,-0.33,0.976589
11091,11210,AUGCCUUUUUACCUUUUGCUAUGGGUAUUAUUGCUAUGUCUGCUUUUGCAAUGAUGUUUGUCAAACAUAAGCAUGCAUUUCUCUGUUUGUUUUUGUUACCUUCUCUUGCCACUGUAGCUU,.................(((((((.(((((((((...(....)....))))))))).......((((.(((((.(((......))).))))).))))..............)))))))..,-1.63,0.954904
11211,11330,AUUUUAAUAUGGUCUAUAUGCCUGCUAGUUGGGUGAUGCGUAUUAUGACAUGGUUGGAUAUGGUUGAUACUAGUUUGUCUGGUUUUAAGCUAAAAGACUGUGUUAUGUAUGCAUCAGCUG,..........(((......)))........((.((((((((((.(((((((((((......(.((((.(((((.....))))).)))).).....))))))))))))))))))))).)).,-3.42,0.558656
11651,11770,CUCUUUUGUUUACUCAACCGCUACUUUAGACUGACUCUUGGUGUUUAUGAUUACUUAGUUUCUACACAGGAGUUUAGAUAUAUGAAUUCACAGGGACUACUCCCACCCAAGAAUAGCAUA,...................((((.(((...((((((((((.(((....((((....))))...))))))))).))))...............((((....)))).....))).))))...,-0.16,0.723781
11691,11810,GUGUUUAUGAUUACUUAGUUUCUACACAGGAGUUUAGAUAUAUGAAUUCACAGGGACUACUCCCACCCAAGAAUAGCAUAGAUGCCUUCAAACUCAACAUUAAAUUGUUGGGUGUUGGUG,(((((((((....(((.............(((((((......)))))))...((((....))))....))).....)))))))))..((((((((((((......)))))))).))))..,-1.17,0.912616
11731,11850,UAUGAAUUCACAGGGACUACUCCCACCCAAGAAUAGCAUAGAUGCCUUCAAACUCAACAUUAAAUUGUUGGGUGUUGGUGGCAAACCUUGUAUCAAAGUAGCCACUGUACAGUCUAAAAU,...((....((((((.(((((......((((...........((((.((((((((((((......)))))))).)))).))))...))))......))))))).))))....))......,-1.59,0.941927
11771,11890,GAUGCCUUCAAACUCAACAUUAAAUUGUUGGGUGUUGGUGGCAAACCUUGUAUCAAAGUAGCCACUGUACAGUCUAAAAUGUCAGAUGUAAAGUGCACAUCAGUAGUCUUACUCUCAGUU,((((((.((((((((((((......)))))))).)))).)))...............((.((.(((.((((.(((........))))))).))))))))))...................,-0.79,0.869117
12171,12290,CUAAUGGUGAUUCUGAAGUUGUUCUUAAAAAGUUGAAGAAGUCUUUGAAUGUGGCUAAAUCUGAAUUUGACCGUGAUGCAGCCAUGCAACGUAAGUUGGAAAAGAUGGCUGAUCAAGCUA,...((((((((((.(((((..(..........(..(((....)))..)..)..)))...)).)))))..)))))(((.(((((((.((((....)))).).....)))))))))......,-1.62,0.745146
12371,12490,AUGCUUAGAAAGUUGGAUAAUGAUGCACUCAACAACAUUAUCAACAAUGCAAGAGAUGGUUGUGUUCCCUUGAACAUAAUACCUCUUACAACAGCAGCCAAACUAAUGGUUGUCAUACCA,...........(((((((((((.((.......)).)))))))........(((((...(((((((((....)))))))))..))))).)))).(((((((......))))))).......,-3.01,0.892246
12571,12690,AGAUGCAGAUAGUAAAAUUGUUCAACUUAGUGAAAUUAGUAUGGACAAUUCACCUAAUUUAGCAUGGCCUCUUAUUGUAACAGCUUUAAGGGCCAAUUCUGCUGUCAAAUUACAGAAUAA,.(((((((((((...((((((((((((..........))).)))))))))...)))........(((((.((((..((....))..)))))))))..))))).)))..............,-2.8,0.517919
12611,12730,AUGGACAAUUCACCUAAUUUAGCAUGGCCUCUUAUUGUAACAGCUUUAAGGGCCAAUUCUGCUGUCAAAUUACAGAAUAAUGAGCUUAGUCCUGUUGCACUACGACAGAUGUCUUGUGCU,..((((((((((............(((((.((((..((....))..)))))))))((((((.((......))))))))..)))).)).))))....((((...(((....)))..)))).,-1.94,0.977544
12691,12810,UGAGCUUAGUCCUGUUGCACUACGACAGAUGUCUUGUGCUGCCGGUACUACACAAACUGCUUGCACUGAUGACAAUGCGUUAGCUUACUACAACACAACAAAGGGAGGUAGGUUUGUACU,......((((((.((.((((...(((....)))..)))).)).)).)))).((((((.(((((((.((....)).))))..)))...((((....(......)....))))))))))...,0.72,0.566409
12891,13010,UGGAACCACCUUGUAGGUUUGUUACAGACACACCUAAAGGUCCUAAAGUGAAGUAUUUAUACUUUAUUAAAGGAUUAAACAACCUAAAUAGAGGUAUGGUACUUGGUAGUUUAGCUGCCA,.((.((((((((.(((((.((((...)))).)))))))))((((..(((((((((....)))))))))..)))).......((((......)))).)))).))((((((.....)))))),-2.67,0.562251
13330,13449,UUGUGCUAAUGACCCUGUGGGUUUUACACUUAAAAACACAGUCUGUACCGUCUGCGGUAUGUGGAAAGGUUAUGGCUGUAGUUGUGAUCAACUCCGCGAACCCAUGCUUCAGUCAGCUGA,....(((..(((..(.((((((((....................((((((....))))))(((((..(((((..((....))..)))))...))))))))))))))..)))...)))...,-1.46,0.748324
13370,13488,GUCUGUACCGUCUGCGGUAUGUGGAAAGGUUAUGGCUGUAGUUGUGAUCAACUCCGCGAACCCAUGCUUCAGUCAGCUGAUGCACAAUCGUUUUUAAACGGGUUUGCGGUGUAAGUGCA,.(((((((((....))))))..)))..(((((..((....))..))))).((.((((((((((.(((.((((....)))).))).....(((....))))))))))))).)).......,-3.66,0.997432
13410,13528,GUUGUGAUCAACUCCGCGAACCCAUGCUUCAGUCAGCUGAUGCACAAUCGUUUUUAAACGGGUUUGCGGUGUAAGUGCAGCCCGUCUUACACCGUGCGGCACAGGCACUAGUACUGAUG,((((....)))).((((((((((.(((.((((....)))).))).....(((....)))))))))((((((((((.((.....))))))))))))))))..(((((....)).)))...,-2.35,0.987003
13647,13766,CUUUGUAGUUAAGAGACACACUUUCUCUAACUACCAACAUGAAGAAACAAUUUAUAAUUUACUUAAGGAUUGUCCAGCUGUUGCUAAACAUGACUUCUUUAAGUUUAGAAUAGACGGUGA,....(((((((.((((.......)))))))))))............((..(((((..(..(((((((((.(((..(((....)))..))).....)))))))))..)..)))))..))..,-1.75,0.598329
13687,13806,GAAGAAACAAUUUAUAAUUUACUUAAGGAUUGUCCAGCUGUUGCUAAACAUGACUUCUUUAAGUUUAGAAUAGACGGUGACAUGGUACCACAUAUAUCACGUCAACGUCUUACUAAAUAC,....................(((((((((.(((..(((....)))..))).....)))))))))((((...(((((.((((.(((((.......))))).)))).)))))..))))....,-3.1,0.977924
13807,13926,ACAAUGGCAGACCUCGUCUAUGCUUUAAGGCAUUUUGAUGAAGGUAAUUGUGACACAUUAAAAGAAAUACUUGUCACAUACAAUUGUUGUGAUGAUGAUUAUUUCAAUAAAAAGGACUGG,(((((.....((((((((.(((((....)))))...)))).)))).)))))............((((((.(..((((((((....).)))).)))..).))))))...............,-1.73,0.93989
13887,14006,CAAUUGUUGUGAUGAUGAUUAUUUCAAUAAAAAGGACUGGUAUGAUUUUGUAGAAAACCCAGAUAUAUUACGCGUAUACGCCAACUUAGGUGAACGUGUACGCCAAGCUUUGUUAAAAAC,...((((((.(((((...))))).))))))((((..((((..................)))).........(((((((((...((....))...)))))))))....)))).........,-0.37,0.989244
13927,14046,UAUGAUUUUGUAGAAAACCCAGAUAUAUUACGCGUAUACGCCAACUUAGGUGAACGUGUACGCCAAGCUUUGUUAAAAACAGUACAAUUCUGUGAUGCCAUGCGAAAUGCUGGUAUUGUU,...................((((.....((((((((((((...((....))...))))))))).......(((.....))))))....)))).(((((((.((.....)))))))))...,-0.71,0.543859
14007,14126,AGUACAAUUCUGUGAUGCCAUGCGAAAUGCUGGUAUUGUUGGUGUACUGACAUUAGAUAAUCAAGAUCUCAAUGGUAACUGGUAUGAUUUCGGUGAUUUCAUACAAACCACGCCAGGUAG,((((((.....(..((((((.((.....))))))))..)...))))))..((((((((.......)))).))))....((((..((.(((..(((....)))..))).))..))))....,-0.89,0.589861
14047,14166,GGUGUACUGACAUUAGAUAAUCAAGAUCUCAAUGGUAACUGGUAUGAUUUCGGUGAUUUCAUACAAACCACGCCAGGUAGUGGAGUUCCUGUUGUAGAUUCUUAUUAUUCAUUGUUAAUG,.......(((((.(..(((((.(((((((((((((.((((.((((((..((...))..))))))...((((........)))))))).)))))).))).)))))))))..).)))))...,-2.05,0.934786
14087,14206,GGUAUGAUUUCGGUGAUUUCAUACAAACCACGCCAGGUAGUGGAGUUCCUGUUGUAGAUUCUUAUUAUUCAUUGUUAAUGCCUAUAUUAACCUUGACCAGGGCUUUAACUGCAGAGUCAC,.((((((..((...))..))))))...((((........)))).............((((((......(((..(((((((....)))))))..))).(((........))).))))))..,0.02,0.619889
14127,14246,UGGAGUUCCUGUUGUAGAUUCUUAUUAUUCAUUGUUAAUGCCUAUAUUAACCUUGACCAGGGCUUUAACUGCAGAGUCACAUGUUGACACUGACUUAACAAAGCCUUACAUUAAGUGGGA,......(((..((...............(((..(((((((....)))))))..)))..((((((((....((((.((((.....)))).))).).....))))))))......))..))),-0.26,0.721765
14207,14326,AUGUUGACACUGACUUAACAAAGCCUUACAUUAAGUGGGAUUUGUUAAAAUAUGACUUCACGGAAGAGAGGUUAAAACUCUUUGACCGUUAUUUUAAAUAUUGGGAUCAGACAUACCACC,(((((((..(..(.((((((((..(((((.....))))).))))))))...........((((.((((((.......))))))..))))...........)..)..))).))))......,-1.99,0.999018
14367,14486,UUGUGCAAACUUUAAUGUUUUAUUCUCUACAGUGUUCCCACCUACAAGUUUUGGACCACUAGUGAGAAAAAUAUUUGUUGAUGGUGUUCCAUUUGUAGUUUCAACUGGAUACCACUUCAG,.......(((...((((((((..((((.((((((.(((.((......))...))).)))).)))))))))))))).)))..((((((.(((.(((......))).)))))))))......,-1.46,0.583958
14447,14566,AUGGUGUUCCAUUUGUAGUUUCAACUGGAUACCACUUCAGAGAGCUAGGUGUUGUACAUAAUCAGGAUGUAAACUUACAUAGCUCUAGACUUAGUUUUAAGGAAUUACUUGUGUAUGCUG,..(((((..(((..((((((((..(((((......)))))(((((((.(((...(((((.......)))))....))).)))))))..............))))))))..))).))))).,-1.41,0.947954
14527,14646,AGCUCUAGACUUAGUUUUAAGGAAUUACUUGUGUAUGCUGCUGACCCUGCUAUGCACGCUGCUUCUGGUAAUCUAUUACUAGAUAAACGCACUACGUGCUUUUCAGUAGCUGCACUUACU,...........((((((....))))))...(((((.((((((((.........(((((.(((.((((((((....)))))))).....)))...)))))...))))))))))))).....,-1.64,0.986328
14687,14806,ACAAAGACUUCUAUGACUUUGCUGUGUCUAAGGGUUUCUUUAAGGAAGGAAGUUCUGUUGAAUUAAAACACUUCUUCUUUGCUCAGGAUGGUAAUGCUGCUAUCAGCGAUUAUGACUACU,..(((((..(((..(((........)))...)))..))))).((.(((((((...((((.......))))...))))))).))..((.(.(((((((((....)))).))))).)))...,0.06,0.875657
14727,14846,UAAGGAAGGAAGUUCUGUUGAAUUAAAACACUUCUUCUUUGCUCAGGAUGGUAAUGCUGCUAUCAGCGAUUAUGACUACUAUCGUUAUAAUCUACCAACAAUGUGUGAUAUCAGACAACU,..((.(((((((...((((.......))))...))))))).)).....(((((..((((....))))(((((((((.......))))))))))))))....(((.((....)).)))...,-3.02,0.993906
14767,14886,GCUCAGGAUGGUAAUGCUGCUAUCAGCGAUUAUGACUACUAUCGUUAUAAUCUACCAACAAUGUGUGAUAUCAGACAACUACUAUUUGUAGUUGAAGUUGUUGAUAAGUACUUUGAUUGU,(((...(((((((....))))))))))(((((((((.......)))))))))...(((((((((.((....)).))((((((.....))))))...))))))).................,-2.13,0.943405
14847,14966,ACUAUUUGUAGUUGAAGUUGUUGAUAAGUACUUUGAUUGUUACGAUGGUGGCUGUAUUAAUGCUAACCAAGUCAUCGUCAACAACCUAGACAAAUCAGCUGGUUUUCCAUUUAAUAAAUG,..........((((((...((((((..((.((..(.(((((..((((((((((...(((....)))...))))))))))))))))..))))..))))))(((....))))))))).....,-0.79,0.93388
14887,15006,UACGAUGGUGGCUGUAUUAAUGCUAACCAAGUCAUCGUCAACAACCUAGACAAAUCAGCUGGUUUUCCAUUUAAUAAAUGGGGUAAGGCUAGACUUUAUUAUGAUUCAAUGAGUUAUGAG,...((((((((((...(((....)))...))))))))))...............((((((....(((((((.....)))))))...)))).)).....(((((((((...))))))))).,-1.33,0.918877
14967,15086,GGGUAAGGCUAGACUUUAUUAUGAUUCAAUGAGUUAUGAGGAUCAAGAUGCACUUUUCGCAUAUACAAAACGUAAUGUCAUCCCUACUAUAACUCAAAUGAAUCUUAAGUAUGCCAUUAG,......(((...((((......((((((.((((((((((((......((((.......)))).(((.....)))........)))..)))))))))..))))))..))))..))).....,-2.32,0.819303
15007,15126,GAUCAAGAUGCACUUUUCGCAUAUACAAAACGUAAUGUCAUCCCUACUAUAACUCAAAUGAAUCUUAAGUAUGCCAUUAGUGCAAAGAAUAGAGCUCGCACCGUAGCUGGUGUCUCUAUC,........((((((..(.((((((.......(((..........)))......((....)).......)))))).)..))))))....((((((...((((((....)))))))))))).,-1.56,0.5
15607,15725,UUACAACACAGACUUUAUGAGUGUCUCUAUAGAAAUAGAGAUGUUGACACAGACUUUGUGAAUGAGUUUUACGCAUAUUUGCGUAAACAUUUCUCAAUGAUGAUACUCUCUGACGAUGC,........((((......(((((((..(((.((....((((((((..(((((...))))).........((((((....)))))))))))))))).)))..))))))))))).......,-1.81,0.987812
15646,15765,GAUGUUGACACAGACUUUGUGAAUGAGUUUUACGCAUAUUUGCGUAAACAUUUCUCAAUGAUGAUACUCUCUGACGAUGCUGUUGUGUGUUUCAAUAGCACUUAUGCAUCUCAAGGUCUA,(((.((((..((((..(..(.(.((((.((((((((....)))))))).....)))).).)..).....))))..(((((...((.(((((.....))))).)).))))))))).)))..,-2.07,0.982535
16446,16565,UUAUUGUAAAUCACAUAAACCACCCAUUAGUUUUCCAUUGUGUGCUAAUGGACAAGUUUUUGGUUUAUAUAAAAAUACAUGUGUUGGUAGCGAUAAUGUUACUGACUUUAAUGCAAUUGC,....(((((((((...((((...((((((((............))))))))....)))).)))))))))........(((..((..(((((......)))))..))....))).......,-1.17,0.997273
16486,16605,UGUGCUAAUGGACAAGUUUUUGGUUUAUAUAAAAAUACAUGUGUUGGUAGCGAUAAUGUUACUGACUUUAAUGCAAUUGCAACAUGUGACUGGACAAAUGCUGGUGAUUACAUUUUAGCU,...(((((......((((.(..((...........(((((((((..(((((......)))))..)).....(((....))))))))))...........))..).)))).....))))).,-0.65,0.889962
16766,16885,ACCGAAAUUAUGUCUUUACUGGUUAUCGUGUAACUAAAAACAGUAAAGUACAAAUAGGAGAGUACACCUUUGAAAAAGGUGACUAUGGUGAUGCUGUUGUUUACCGAGGUACAACAACUU,((((......(((((((((((...................)))))))).)))........(((.((((((.....))))))))).))))......(((((((((....))).))))))..,-1.63,0.657338
17086,17205,CCUGGUACUGGUAAGAGUCAUUUUGCUAUUGGCCUAGCUCUCUACUACCCUUCUGCUCGCAUAGUGUAUACAGCUUGCUCUCAUGCCGCUGUUGAUGCACUAUGUGAGAAGGCAUUAAAA,...(((..((((((((....))))))))...)))..............(((((...((((((((((((((((((..((......)).)))))..))))))))))))))))))........,-2.89,0.865922
17126,17245,UCUACUACCCUUCUGCUCGCAUAGUGUAUACAGCUUGCUCUCAUGCCGCUGUUGAUGCACUAUGUGAGAAGGCAUUAAAAUAUUUGCCUAUAGAUAAAUGUAGUAGAAUUAUACCUGCAC,((((((((...(((((((((((((((((((((((..((......)).)))))..)))))))))))))).(((((..........))))).)))).....)))))))).............,-6.85,0.998997
17166,17285,UCAUGCCGCUGUUGAUGCACUAUGUGAGAAGGCAUUAAAAUAUUUGCCUAUAGAUAAAUGUAGUAGAAUUAUACCUGCACGUGCUCGUGUAGAGUGUUUUGAUAAAUUCAAAGUGAAUUC,......((((...(((((.(((..((((.(((((..........)))))........((((.((((........)))))))).))))..))).)))))((((.....)))))))).....,-1.56,0.717695
17206,17325,UAUUUGCCUAUAGAUAAAUGUAGUAGAAUUAUACCUGCACGUGCUCGUGUAGAGUGUUUUGAUAAAUUCAAAGUGAAUUCAACAUUAGAACAGUAUGUCUUUUGUACUGUAAAUGCAUUG,((((((....))))))((((((((.((((((((((((((((....))))))).))))(((((.....)))))...))))).))......((((((((.....))))))))...)))))).,-2.61,0.947288
17326,17445,CCUGAGACGACAGCAGAUAUAGUUGUCUUUGAUGAAAUUUCAAUGGCCACAAAUUAUGAUUUGAGUGUUGUCAAUGCCAGAUUACGUGCUAAGCACUAUGUGUACAUUGGCGACCCUGCU,...........(((((.....((.(((.((((.......)))).))).))................((((((((((.((.((...((((...)))).)).))..)))))))))).))))),-0.69,0.869734
17366,17485,CAAUGGCCACAAAUUAUGAUUUGAGUGUUGUCAAUGCCAGAUUACGUGCUAAGCACUAUGUGUACAUUGGCGACCCUGCUCAAUUACCUGCACCACGCACAUUGCUAACUAAGGGCACAC,...(((((............((((((((((((((((.((.((...((((...)))).)).))..))))))))))...)))))).....(((.....)))..............))).)).,0.11,0.793614
17446,17565,CAAUUACCUGCACCACGCACAUUGCUAACUAAGGGCACACUAGAACCAGAAUAUUUCAAUUCAGUGUGUAGACUUAUGAAAACUAUAGGUCCAGACAUGUUCCUCGGAACUUGUCGGCGU,.........((.((((((((..((((.......))))...........((((......)))).)))))).((((((((.....))))))))..((((.((((....)))).)))))).)),-2.14,0.97422
17526,17645,AACUAUAGGUCCAGACAUGUUCCUCGGAACUUGUCGGCGUUGUCCUGCUGAAAUUGUUGACACUGUGAGUGCUUUGGUUUAUGAUAAUAAGCUUAAAGCACAUAAAGACAAAUCAGCUCA,......(((.((.((((.((((....)))).))))))......)))(((((..(((((.......((.((((((((((((((....)))))).)))))))).))..))))).)))))...,-2.22,0.973216
17766,17885,CUUUAUUUCACCUUAUAAUUCACAGAAUGCUGUAGCCUCAAAGAUUUUGGGACUACCAACUCAAACUGUUGAUUCAUCACAGGGCUCAGAAUAUGACUAUGUCAUAUUCACUCAAACCAC,.....................((((....))))((((.....((..((((.....)))).))...((((.((....))))))))))..(((((((((...)))))))))...........,-2.03,0.90319
17846,17965,AGGGCUCAGAAUAUGACUAUGUCAUAUUCACUCAAACCACUGAAACAGCUCACUCUUGUAAUGUAAACAGAUUUAAUGUUGCUAUUACCAGAGCAAAAGUAGGCAUACUUUGCAUAAUGU,.(((((..(((((((((...)))))))))..(((......)))...)))))..(((.((((((..((((.......))))..)))))).)))(((((.(((....)))))))).......,-2.44,0.791864
17966,18085,CUGAUAGAGACCUUUAUGACAAGUUGCAAUUUACAAGUCUUGAAAUUCCACGUAGGAAUGUGGCAACUUUACAAGCUGAAAAUGUAACAGGACUCUUUAAAGAUUGUAGUAAGGUAAUCA,..(((....(((((....((((((((((.(((...((.(((((((((((((((....)))))).)).))).)))))).))).)))))).....(((....)))))))...))))).))).,-0.96,0.951872
18646,18765,CCUGAGCGCACCUGUUGUCUAUGUGAUAGACGUGCCACAUGCUUUUCCACUGCUUCAGACACUUAUGCCUGUUGGCAUCAUUCUAUUGGAUUUGAUUACGUCUAUAAUCCGUUUAUGAUU,.((((((((((...(((((.....)))))..))))....((......))..)).)))).......((((....))))((((.....((((((.(((...)))...))))))...))))..,-0.62,0.529313
18686,18805,GCUUUUCCACUGCUUCAGACACUUAUGCCUGUUGGCAUCAUUCUAUUGGAUUUGAUUACGUCUAUAAUCCGUUUAUGAUUGAUGUUCAACAAUGGGGUUUUACAGGUAACCUACAAAGCA,(((((.....(((((.((((.(((((...(((((((((((.((...((((((.(((...)))...)))))).....)).))))).)))))))))))))))...)))))......))))).,-1.86,0.676985
18806,18925,ACCAUGAUCUGUAUUGUCAAGUCCAUGGUAAUGCACAUGUAGCUAGUUGUGAUGCAAUCAUGACUAGGUGUCUAGCUGUCCACGAGUGCUUUGUUAAGCGUGUUGACUGGACUAUUGAAU,..((((...((((((..((......))..))))))))))...(((((..((((...))))..)))))..(((((...(((.(((...((((....)))).))).))))))))........,-0.11,0.862273
18846,18965,AGCUAGUUGUGAUGCAAUCAUGACUAGGUGUCUAGCUGUCCACGAGUGCUUUGUUAAGCGUGUUGACUGGACUAUUGAAUAUCCUAUAAUUGGUGAUGAACUGAAGAUUAAUGCGGCUUG,..(((((..((((...))))..)))))......((((((((((((..((((....))))...)))..))))).......(((((((....))).))))................))))..,0.29,0.866437
18926,19045,AUCCUAUAAUUGGUGAUGAACUGAAGAUUAAUGCGGCUUGUAGAAAGGUUCAACACAUGGUUGUUAAAGCUGCAUUAUUAGCAGACAAAUUCCCAGUUCUUCACGACAUUGGUAACCCUA,............((((.((((((.....(((((((((((...........((((.....))))...)))))))))))......((.....)).)))))).))))................,-0.57,0.554382
19046,19165,AAGCUAUUAAGUGUGUACCUCAAGCUGAUGUAGAAUGGAAGUUCUAUGAUGCACAGCCUUGUAGUGACAAAGCUUAUAAAAUAGAAGAAUUAUUCUAUUCUUAUGCCACACAUUCUGACA,..........((((((((..(((((((.((((..((((.....))))..))))))).))))..)))........((((((((((((......))))))).))))).))))).........,-1.84,0.807859
19166,19285,AAUUCACAGAUGGUGUAUGCCUAUUUUGGAAUUGCAAUGUCGAUAGAUAUCCUGCUAAUUCCAUUGUUUGUAGAUUUGACACUAGAGUGCUAUCUAACCUUAACUUGCCUGGUUGUGAUG,...((((((((((..(.(((..((..(((((((((((((((....)))))..))).)))))))..))..)))..((((....)))))..))))))((((...........))))))))..,-2.07,0.583292
19206,19325,CGAUAGAUAUCCUGCUAAUUCCAUUGUUUGUAGAUUUGACACUAGAGUGCUAUCUAACCUUAACUUGCCUGGUUGUGAUGGUGGCAGUUUGUAUGUAAAUAAACAUGCAUUCCACACACC,.(((((.....((((.(((......))).))))......(((....)))))))).((((...........))))(((.(((..(((((((((......)))))).)))...))))))...,-0.54,0.727445
19366,19485,CCAUUUUUCUAUUACUCUGACAGUCCAUGUGAGUCUCAUGGAAAACAAGUAGUGUCAGAUAUAGAUUAUGUACCACUAAAGUCUGCUACGUGUAUAACACGUUGCAAUUUAGGUGGUGCU,.......(((((...(((((((.((((((.......))))))..........))))))).)))))....((((((((.((((.(((.(((((.....))))).))))))).)))))))).,-4.88,0.996132
19406,19525,GAAAACAAGUAGUGUCAGAUAUAGAUUAUGUACCACUAAAGUCUGCUACGUGUAUAACACGUUGCAAUUUAGGUGGUGCUGUCUGUAGACAUCAUGCUAAUGAGUACAGAUUGUAUCUCG,.......(((((((((...(((((((...((((((((.((((.(((.(((((.....))))).))))))).)))))))).))))))))))))..))))...((((((.....))).))).,-4.19,0.997816
19446,19565,GUCUGCUACGUGUAUAACACGUUGCAAUUUAGGUGGUGCUGUCUGUAGACAUCAUGCUAAUGAGUACAGAUUGUAUCUCGAUGCUUAUAACAUGAUGAUCUCAGCUGGCUUUAGCUUGUG,...(((.(((((.....))))).)))...(((((...((((.(((.((((((((((...((((((((((((...)))).).)))))))..))))))).)))))).))))....)))))..,-1.92,0.695158
19646,19765,UUGUAAAUAAGGGACACUUUGAUGGACAACAGGGUGAAGUACCAGUUUCUAUCAUUAAUAACACUGUUUACACAAAAGUUGAUGGUGUUGAUGUAGAAUUGUUUGAAAAUAAAACAACAU,...(((((((...(((...(((((((.(((.((........)).))))))))))....((((((((((.((......)).)))))))))).)))....)))))))...............,-0.89,0.976831
19766,19885,UACCUGUUAAUGUAGCAUUUGAGCUUUGGGCUAAGCGCAACAUUAAACCAGUACCAGAGGUGAAAAUACUCAAUAAUUUGGGUGUGGACAUUGCUGCUAAUACUGUGAUCUGGGACUACA,..(((.(((((((.((.(((.(((.....)))))).)).))))))).((((((.(((..(((...((((((((....))))))))...)))..)))....))))).)....)))......,-0.84,0.964994
19926,20045,UUCUAUGACUGACAUAGCCAAGAAACCAACUGAAACGAUUUGUGCACCACUCACUGUCUUUUUUGAUGGUAGAGUUGAUGGUCAAGUAGACUUAUUUAGAAAUGCCCGUAAUGGUGUUCU,.(((((...((((...((((((................)))).)).(.((((((((((......)))))).)))).)...)))).))))).......((((.((((......)))))))),0.62,0.980681
19966,20085,UGUGCACCACUCACUGUCUUUUUUGAUGGUAGAGUUGAUGGUCAAGUAGACUUAUUUAGAAAUGCCCGUAAUGGUGUUCUUAUUACAGAAGGUAGUGUUAAAGGUUUACAACCAUCUGUA,..((((..((((((((((......)))))).)))).((((((...(((((((..(((((...((((.(((((((.....)))))))....))))...)))))))))))).)))))))))),-1.76,0.975556
20206,20325,CAGAGUAGAAAUUUACAAGAAUUUAAACCCAGGAGUCAAAUGGAAAUUGAUUUCUUAGAAUUAGCUAUGGAUGAAUUCAUUGAACGGUAUAAAUUAGAAGGCUAUGCCUUCGAACAUAUC,....((((....))))...((((((.(((.(((((((((.(....))))))))))..(((((..(....)...))))).......))).)))))).((((((...)))))).........,-1.54,0.52805
20286,20405,UGAACGGUAUAAAUUAGAAGGCUAUGCCUUCGAACAUAUCGUUUAUGGAGAUUUUAGUCAUAGUCAGUUAGGUGGUUUACAUCUACUGAUUGGACUAGCUAAACGUUUUAAGGAAUCACC,((((((((((......((((((...))))))....)))))))))).((.((((((((((.((((((((.(((((.....)))))))))))))))))(((.....)))....)))))).)),-4.65,0.935782
20446,20565,AAAAACUAUUUCAUAACAGAUGCGCAAACAGGUUCAUCUAAGUGUGUGUGUUCUGUUAUUGAUUUAUUACUUGAUGAUUUUGUUGAAAUAAUAAAAUCCCAAGAUUUAUCUGUAGUUUCU,..(((((((.((((((((((.(((((.(((..(......)..))).)))))))))))).))).......((((..((((((((((...)))))))))).))))........)))))))..,-3.22,0.988141
20486,20605,AGUGUGUGUGUUCUGUUAUUGAUUUAUUACUUGAUGAUUUUGUUGAAAUAAUAAAAUCCCAAGAUUUAUCUGUAGUUUCUAAGGUUGUCAAAGUGACUAUUGACUAUACAGAAAUUUCAU,...(((....((((((..(..((...((((((((..((((((..(((((.((((((((....)))))...))).)))))))))))..)).))))))..))..)....))))))....))),-1.46,0.786397
20806,20925,CUGUGUCAAUAUUUAAACACAUUAACAUUAGCUGUACCCUAUAAUAUGAGAGUUAUACAUUUUGGUGCUGGUUCUGAUAAAGGAGUUGCACCAGGUACAGCUGUUUUAAGACAGUGGUUG,.(((((..........)))))....(((((((((((((.((((((......)))))).....((((((.(.((((.....)))).).)))))))))))))))(((....)))))))....,-2.34,0.817684
20846,20965,AUAAUAUGAGAGUUAUACAUUUUGGUGCUGGUUCUGAUAAAGGAGUUGCACCAGGUACAGCUGUUUUAAGACAGUGGUUGCCUACGGGUACGCUGCUUGUCGAUUCAGAUCUUAAUGACU,......((((((((.(((....((((((.(.((((.....)))).).)))))).))).)))........(((((..((((((....)))).))..).))))........)))))......,-1.87,0.574837
21006,21125,AACUGUACAUACAGCUAAUAAAUGGGAUCUCAUUAUUAGUGAUAUGUACGACCCUAAGACUAAAAAUGUUACAAAAGAAAAUGACUCUAAAGAGGGUUUUUUCACUUACAUUUGUGGGUU,....(((((((..((((((((.(((....)))))))))))..)))))))(((((.........((((((.......(((((.((((((....)))))))))))....))))))..))))),-3.43,0.841844
21126,21245,UAUACAACAAAAGCUAGCUCUUGGAGGUUCCGUGGCUAUAAAGAUAACAGAACAUUCUUGGAAUGCUGAUCUUUAUAAGCUCAUGGGACACUUCGCAUGGUGGACAGCCUUUGUUACUAA,.....((((((.(((.(((..((((((((((((((((((((((((..(((..(((((...)))))))))))))))).))).)))))))).)))))...)))....))).)))))).....,-3.97,0.842848
21326,21445,UCAUGCAUGCAAAUUACAUAUUUUGGAGGAAUACAAAUCCAAUUCAGUUGUCUUCCUAUUCUUUAUUUGACAUGAGUAAAUUUCCCCUUAAAUUAAGGGGUACUGCUGUUAUGUCUUUAA,.(((((((((((((.....((...((((((..((............))..)))))).)).....))))).))))((((.....(((((((...)))))))...))))..)))).......,-1.24,0.970457
21366,21485,AAUUCAGUUGUCUUCCUAUUCUUUAUUUGACAUGAGUAAAUUUCCCCUUAAAUUAAGGGGUACUGCUGUUAUGUCUUUAAAAGAAGGUCAAAUCAAUGAUAUGAUUUUAUCUCUUCUUAG,..................((((((....((((((((((.....(((((((...)))))))...))))..))))))....))))))(((.((((((......)))))).))).........,-2.27,0.993842
21406,21525,UUUCCCCUUAAAUUAAGGGGUACUGCUGUUAUGUCUUUAAAAGAAGGUCAAAUCAAUGAUAUGAUUUUAUCUCUUCUUAGUAAAGGUAGACUUAUAAUUAGAGAAAACAACAGAGUUGUU,...(((((((...))))))).(((.(((((...((((((((((((((..((((((......))))))...).))))))....(((.....)))....)))))))....))))))))....,-2.27,0.887067
21446,21565,AAGAAGGUCAAAUCAAUGAUAUGAUUUUAUCUCUUCUUAGUAAAGGUAGACUUAUAAUUAGAGAAAACAACAGAGUUGUUAUUUCUAGUGAUGUUCUUGUUAACAACUAAACGAACAAUG,(((((.(((..........(((((.(((((((...........))))))).)))))((((((((.((((((...)))))).))))))))))).)))))......................,-1.22,0.63529
22102,22219,AGGAAAACAGGGUAAUUUCAAAAAUCUUAGGGAAUUUGUGUUUAAGAAUAUUGAUGGUUAUUUUAAAAUAUAUUCUAAGCACACGCCUAUUAAUUUAGUGCGUGAUCUCCCUCAGGGU,.......................((((((((((....(((((((.((((((..................)))))))))))))(((((((......))).))))....))))).))))),-1.7,0.900437
22140,22259,UGUUUAAGAAUAUUGAUGGUUAUUUUAAAAUAUAUUCUAAGCACACGCCUAUUAAUUUAGUGCGUGAUCUCCCUCAGGGUUUUUCGGCUUUAGAACCAUUGGUAGAUUUGCCAAUAGGUA,(((((.((((((........)))))).)))))...(((((((.((((((((......))).)))))....(((...))).......)).)))))((((((((((....))))))).))).,-2.25,0.822965
22698,22817,GUUAUGGAGUGUCUCCUACUAAAUUAAAUGAUCUCUGCUUUACUAAUGUCUAUGCAGAUUCAUUUGUAAUUAGAGGUGAUGAAGUCAGACAAAUCGCUCCAGGGCAAACUGGAAAGAUUG,(((.(((..((((.(((.((((..(((((((..(((((...((....))....))))).)))))))...))))))).))))...)))))).((((..(((((......)))))..)))).,-3.06,0.529066
22738,22857,UACUAAUGUCUAUGCAGAUUCAUUUGUAAUUAGAGGUGAUGAAGUCAGACAAAUCGCUCCAGGGCAAACUGGAAAGAUUGCUGAUUAUAAUUAUAAAUUACCAGAUGAUUUUACAGGCUG,.......((((..(.(((.((((((((((((....(((((..((((((...((((..(((((......)))))..)))).))))))...))))).))))).))))))).))).)))))..,-2.84,0.829168
22778,22897,GAAGUCAGACAAAUCGCUCCAGGGCAAACUGGAAAGAUUGCUGAUUAUAAUUAUAAAUUACCAGAUGAUUUUACAGGCUGCGUUAUAGCUUGGAAUUCUAACAAUCUUGAUUCUAAGGUU,..((((((...((((..(((((......)))))..)))).))))))....................((.(((.(((((((.....)))))))))).))....(((((((....))))))),-1.84,0.865329
23098,23217,ACUUUCUUUUGAACUUCUACAUGCACCAGCAACUGUUUGUGGACCUAAAAAGUCUACUAAUUUGGUUAAAAACAAAUGUGUCAAUUUCAACUUCAAUGGUUUAACAGGCACAGGUGUUCU,......................((((((((....(((.((((((.......)))))).)))...))).........((((((...((.((((.....)))).))..)))))))))))...,-0.2,0.870232
23298,23417,CACAGACACUUGAGAUUCUUGACAUUACACCAUGUUCUUUUGGUGGUGUCAGUGUUAUAACACCAGGAACAAAUACUUCUAACCAGGUUGCUGUUCUUUAUCAGGAUGUUAACUGCACAG,....((((((..((...))..).....(((((........)))))))))).((((..((((((((((((((...((((......))))...))))))).....)).)))))...))))..,-1.04,0.820433
23338,23457,UGGUGGUGUCAGUGUUAUAACACCAGGAACAAAUACUUCUAACCAGGUUGCUGUUCUUUAUCAGGAUGUUAACUGCACAGAAGUCCCUGUUGCUAUUCAUGCAGAUCAACUUACUCCUAC,.((.((((.((((....((((((((((((((...((((......))))...))))))).....)).))))))))))))..((((.....((((.......))))....)))).).))...,0.8,0.866815
23498,23617,CGUGCAGGCUGUUUAAUAGGGGCUGAACAUGUCAACAACUCAUAUGAGUGUGACAUACCCAUUGGUGCAGGUAUAUGCGCUAGUUAUCAGACUCAGACUAAUUCUCCUCGGCGGGCACGU,(((((..((((.......(((.((((..((((((...((((....)))).))))))....(((((((((......)))))))))..)))).)))(((.....)))...))))..))))).,-2.42,0.978896
23538,23657,CAUAUGAGUGUGACAUACCCAUUGGUGCAGGUAUAUGCGCUAGUUAUCAGACUCAGACUAAUUCUCCUCGGCGGGCACGUAGUGUAGCUAGUCAAUCCAUCAUUGCCUACACUAUGUCAC,....(((((.(((.......(((((((((......)))))))))..))).)))))..........((.....))(.(((((((((((.((((.........)))).))))))))))))..,-0.51,0.939684
23578,23697,UAGUUAUCAGACUCAGACUAAUUCUCCUCGGCGGGCACGUAGUGUAGCUAGUCAAUCCAUCAUUGCCUACACUAUGUCACUUGGUGCAGAAAAUUCAGUUGCUUACUCUAAUAACUCUAU,.((((((.(((....((((((((.((..((.((((.(((((((((((.((((.........)))).)))))))))))..)))).))..)).)))).))))......))).))))))....,-1.86,0.598953
23698,23817,UGCCAUACCCACAAAUUUUACUAUUAGUGUUACCACAGAAAUUCUACCAGUGUCUAUGACCAAGACAUCAGUAGAUUGUACAAUGUACAUUUGUGGUGAUUCAACUGAAUGCAGCAAUCU,.......................((((((((((((((((...(((((..((((((.......))))))..))))).(((((...))))))))))))))))...)))))............,-2.64,0.988996
23978,24097,UUACCAGAUCCAUCAAAACCAAGCAAGAGGUCAUUUAUUGAAGAUCUACUUUUCAACAAAGUGACACUUGCAGAUGCUGGCUUCAUCAAACAAUAUGGUGAUUGCCUUGGUGAUAUUGCU,(((((((...............(((((..(((((((.(((((((.....)))))))..))))))).))))).......(((.((((((.......))))))..)))))))))).......,-2.82,0.994388
24257,24376,GCUAUGCAAAUGGCUUAUAGGUUUAAUGGUAUUGGAGUUACACAGAAUGUUCUCUAUGAGAACCAAAAAUUGAUUGCCAACCAAUUUAAUAGUGCUAUUGGCAAAAUUCAAGACUCACUU,(((((....)))))....................(((((.........((((((...))))))......(((((((((((...(((....)))....)))))))...)))))))))....,-0.32,0.974138
25017,25136,UAGAUAAAUAUUUUAAGAAUCAUACAUCACCAGAUGUUGAUUUAGGUGACAUCUCUGGCAUUAAUGCUUCAGUUGUAAACAUUCAAAAAGAAAUUGACCGCCUCAAUGAGGUUGCCAAGA,.((((...........((((((.(((((....))))))))))).(....))))).(((((........((((((.................))))))..(((((...))))))))))...,-1.16,0.925763
25137,25256,AUUUAAAUGAAUCUCUCAUCGAUCUCCAAGAACUUGGAAAGUAUGAGCAGUAUAUAAAAUGGCCAUGGUACAUUUGGCUAGGUUUUAUAGCUGGCUUGAUUGCCAUAGUAAUGGUGACAA,..............((((((....(((((....)))))..).)))))((((.(((((((((((((.........)))))..))))))))))))...((.(..((((....))))..))).,-0.93,0.748968
25177,25296,GUAUGAGCAGUAUAUAAAAUGGCCAUGGUACAUUUGGCUAGGUUUUAUAGCUGGCUUGAUUGCCAUAGUAAUGGUGACAAUUAUGCUUUGCUGUAUGACCAGUUGCUGUAGUUGUCUCAA,......((((((.......((((((.........))))))((((.((((((.(((.((((((((((....))))...)))))).)))..)))))).))))...))))))...........,-1.47,0.704212
25217,25336,GGUUUUAUAGCUGGCUUGAUUGCCAUAGUAAUGGUGACAAUUAUGCUUUGCUGUAUGACCAGUUGCUGUAGUUGUCUCAAGGGCUGUUGUUCUUGUGGAUCCUGCUGCAAAUUUGAUGAA,((((.((((((.(((.((((((((((....))))...)))))).)))..)))))).))))..((((.((((..(((((((((((....))))))).)))).)))).))))..........,-3.78,0.916475
25337,25455,GACGACUCUGAGCCAGUGCUCAAAGGAGUCAAAUUACAUUACACAUAAACGAACUUAUGGAUUUGUUUAUGAGAAUCUUCACAAUUGGAACUGUAACUUUGAAGCAAGGUGAAAUCAAG,(((..((.(((((....))))).))..)))....((((.....(((((((((((.....).))))))))))....(((........)))..))))((((((...)))))).........,-1.46,0.528671
25456,25575,GAUGCUACUCCUUCAGAUUUUGUUCGCGCUACUGCAACGAUACCGAUACAAGCCUCACUCCCUUUCGGAUGGCUUAUUGUUGGCGUUGCACUUCUUGCUGUUUUUCAGAGCGCUUCCAAA,..................((((...(((((..(((((((...((((((.(((((....(((.....))).)))))..))))))))))))).......(((.....))))))))...)))),-2.21,0.818151
25496,25615,UACCGAUACAAGCCUCACUCCCUUUCGGAUGGCUUAUUGUUGGCGUUGCACUUCUUGCUGUUUUUCAGAGCGCUUCCAAAAUCAUAACCCUCAAAAAGAGAUGGCAACUAGCACUCUCCA,....(((..(((((....(((.....))).))))).(((..(((((((((.....)))((.....)).))))))..))).)))..............((((..((.....))..))))..,-0.21,0.846878
25536,25655,UGGCGUUGCACUUCUUGCUGUUUUUCAGAGCGCUUCCAAAAUCAUAACCCUCAAAAAGAGAUGGCAACUAGCACUCUCCAAGGGUGUUCACUUUGUUUGCAACUUGCUGUUGUUGUUUGU,.(((((((((......((.((((....))))))...((((......(((((.....((((...((.....)).))))...)))))......))))..))))))..)))............,1.63,0.747764
25576,25695,AUCAUAACCCUCAAAAAGAGAUGGCAACUAGCACUCUCCAAGGGUGUUCACUUUGUUUGCAACUUGCUGUUGUUGUUUGUAACAGUUUACUCACACCUUUUGCUCGUUGCUGCUGGCCUU,.......(((((.....)))..((((((.((((......((((((((.....(((((.(((((........)))))....))))).......)))))))))))).))))))...))....,-0.76,0.592582
25656,25775,AACAGUUUACUCACACCUUUUGCUCGUUGCUGCUGGCCUUGAAGCCCCUUUUCUCUAUCUUUAUGCUUUAGUCUACUUCUUGCAGAGUAUAAACUUUGUAAGAAUAAUAAUGAGGCUUUG,..((((...............((.....)).))))((((((((((...................))))).......((((((((((((....)))))))))))).......)))))....,-1.15,0.988823
25816,25935,GAUGCCAACUAUUUUCUUUGCUGGCAUACUAAUUGUUACGACUAUUGUAUACCUUACAAUAGUGUAACUUCUUCAAUUGUCAUUACUUCAGGUGAUGGCACAACAAGUCCUAUUUCUGAA,.((((((.(..........).)))))).......(((((.(((((((((.....)))))))))))))).........(((((((((.....)))))))))....................,-4.17,0.951563
25856,25975,ACUAUUGUAUACCUUACAAUAGUGUAACUUCUUCAAUUGUCAUUACUUCAGGUGAUGGCACAACAAGUCCUAUUUCUGAACAUGACUACCAGAUUGGUGGUUAUACUGAAAAAUGGGAAU,(((((((((.....)))))))))..............(((((((((.....))))))))).......((((((((.(.(..(((((((((.....)))))))))..).).))))))))..,-4.25,0.994153
25896,26015,CAUUACUUCAGGUGAUGGCACAACAAGUCCUAUUUCUGAACAUGACUACCAGAUUGGUGGUUAUACUGAAAAAUGGGAAUCUGGAGUAAAAGACUGUGUUGUAUUACACAGUUACUUCAC,..(((((((((((..((......))..((((((((.(.(..(((((((((.....)))))))))..).).)))))))))))))))))))..((((((((......)))))))).......,-4.4,0.997926
25936,26055,CAUGACUACCAGAUUGGUGGUUAUACUGAAAAAUGGGAAUCUGGAGUAAAAGACUGUGUUGUAUUACACAGUUACUUCACUUCAGACUAUUACCAGCUGUACUCAACUCAAUUGAGUACA,.(((((((((.....))))))))).(((...(((((...((((((((((..((((((((......))))))))..)).)))))))))))))..)))..((((((((.....)))))))).,-4.97,0.982756
26016,26135,UUCAGACUAUUACCAGCUGUACUCAACUCAAUUGAGUACAGACACUGGUGUUGAACAUGUUACCUUCUUCAUCUACAAUAAAAUUGUUGAUGAGCCUGAAGAACAUGUCCAAAUUCACAC,..........((((((((((((((((.....))))))))))...))))))(((.(((((((..((((((((((.(((((...))))).))))))...))))))))))).)))........,-5.27,0.790037
26096,26215,AAAUUGUUGAUGAGCCUGAAGAACAUGUCCAAAUUCACACAAUCGACGGUUCAUCCGGAGUUGUUAAUCCAGUAAUGGAACCAAUUUAUGAUGAACCGACGACGACUACUAGCGUGCCUU,.....((((.((..(.((.....)).)..))...........(((.(((((((((..((((((....((((....))))..))))))..))))))))).)))))))..............,-1.91,0.9916
26136,26255,AAUCGACGGUUCAUCCGGAGUUGUUAAUCCAGUAAUGGAACCAAUUUAUGAUGAACCGACGACGACUACUAGCGUGCCUUUGUAAGCACAAGCUGAUGAGUACGAACUUAUGUACUCAUU,..(((.(((((((((..((((((....((((....))))..))))))..))))))))).))).......((((((((........))))..))))(((((((((......))))))))).,-5.44,0.998874
26176,26295,CCAAUUUAUGAUGAACCGACGACGACUACUAGCGUGCCUUUGUAAGCACAAGCUGAUGAGUACGAACUUAUGUACUCAUUCGUUUCGGAAGAGACAGGUACGUUAAUAGUUAAUAGCGUA,..................(((..(((((.((((((((((.....(((....)))((((((((((......)))))))))).(((((....))))))))))))))).))))).....))).,-4.44,0.998791
26216,26335,UGUAAGCACAAGCUGAUGAGUACGAACUUAUGUACUCAUUCGUUUCGGAAGAGACAGGUACGUUAAUAGUUAAUAGCGUACUUCUUUUUCUUGCUUUCGUGGUAUUCUUGCUAGUUACAC,((((((((.((((.((((((((((......)))))))))).)))).((((((((..(((((((((........))))))))))))))))).))).....(((((....))))).))))).,-3.49,0.997548
26256,26375,CGUUUCGGAAGAGACAGGUACGUUAAUAGUUAAUAGCGUACUUCUUUUUCUUGCUUUCGUGGUAUUCUUGCUAGUUACACUAGCCAUCCUUACUGCGCUUCGAUUGUGUGCGUACUGCUG,.(((((....))))).(((((((..((((((...((((((...........((((.....)))).....(((((.....))))).........))))))..))))))..)))))))....,-2.31,0.992288
26376,26491,CAAUAUUGUUAACGUGAGUCUUGUAAAACCUUCUUUUUACGUUUACUCUCGUGUUAAAAAUCUGAAUUCUUCUAGAGUUCCUGAUCUUCUGGUCUAAACGAACUAAAUAUUAUAUU,.((((((....(((.((((..(((((((......)))))))...)))).)))(((........((((((.....))))))..((((....))))..)))......)))))).....,-2.73,0.993877
26416,26528,GUUUACUCUCGUGUUAAAAAUCUGAAUUCUUCUAGAGUUCCUGAUCUUCUGGUCUAAACGAACUAAAUAUUAUAUUAGUUUUUCUGUUUGGAACUUUAAUUUUAGCCAUGGCA,........(((((((((((....((.....))(((((((((.((((....)))).(((((((((((........)))))))....))))))))))))).)))))).)))))..,-1.94,0.93389
26453,26568,UUCCUGAUCUUCUGGUCUAAACGAACUAAAUAUUAUAUUAGUUUUUCUGUUUGGAACUUUAAUUUUAGCCAUGGCAGAUUCCAACGGUACUAUUACCGUUGAAGAGCUUAAAAAGC,.......(((((.((((((((((((((((........)))))))....)))))))............((....)).....))(((((((....))))))))))))(((.....))),-1.98,0.81991
26492,26608,AGUUUUUCUGUUUGGAACUUUAAUUUUAGCCAUGGCAGAUUCCAACGGUACUAUUACCGUUGAAGAGCUUAAAAAGCUCCUUGAACAAUGGAACCUAGUAAUAGGUUUCCUAUUCCU,.((((.(((((((((..((........))))).))))))...((((((((....))))))))..(((((.....)))))...))))...((((((((....))))))))........,-3.52,0.997961
26529,26648,GAUUCCAACGGUACUAUUACCGUUGAAGAGCUUAAAAAGCUCCUUGAACAAUGGAACCUAGUAAUAGGUUUCCUAUUCCUUACAUGGAUUUGUCUUCUACAAUUUGCCUAUGCCAACAGG,.....((((((((....))))))))..(((((.....)))))((((......((((((((....))))))))..........(((((..((((.....))))....)).)))....)))),-3.29,0.992755
26569,26688,UCCUUGAACAAUGGAACCUAGUAAUAGGUUUCCUAUUCCUUACAUGGAUUUGUCUUCUACAAUUUGCCUAUGCCAACAGGAAUAGGUUUUUGUAUAUAAUUAAGUUAAUUUUCCUCUGGC,..(((((((((.((((((((....))))))))....(((......))).))))....(((((...((((((.((....)).))))))..))))).....)))))................,-2.13,0.982117
26609,26728,UACAUGGAUUUGUCUUCUACAAUUUGCCUAUGCCAACAGGAAUAGGUUUUUGUAUAUAAUUAAGUUAAUUUUCCUCUGGCUGUUAUGGCCAGUAACUUUAGCUUGUUUUGUGCUUGCUGC,..((..((.........(((((...((((((.((....)).))))))..)))))......((((((((.......((((((.....)))))).....)))))))).))..))........,-1.64,0.922365
26729,26848,UGUUUACAGAAUAAAUUGGAUCACCGGUGGAAUUGCUAUCGCAAUGGCUUGUCUUGUAGGCUUGAUGUGGCUCAGCUACUUCAUUGCUUCUUUCAGACUGUUUGCGCGUACGCGUUCCAU,..............(((((....)))))(((((.((((((((((..((..((((.(.((((.(((.(((((...))))).)))..)))))....)))).))))))).))).)))))))..,0.05,0.587174
27249,27368,AAUUAUUAUGAGGACUUUUAAAGUUUCCAUUUGGAAUCUUGAUUACAUCAUAAACCUCAUAAUUAAAAAUUUAUCUAAGUCACUAACUGAGAAUAAAUAUUCUCAAUUAGAUGAAGAGCA,....(((((((((.......(((.((((....)))).)))(((...))).....)))))))))...........((...(((((((.(((((((....))))))).)))).)))..))..,-3.72,0.971645
27402,27521,UAUUCUUUUCUUGGCACUGAUAACACUCGCUACUUGUGAGCUUUAUCACUACCAAGAGUGUGUUAGAGGUACAACAGUACUUUUAAAAGAACCUUGCUCUUCUGGAACAUACGAGGGCAA,..((((((((((((...((((((..(((((.....)))))..))))))...)))))))....((((((((((....)))))))))))))))...(((((((.((.....)).))))))).,-4.04,0.61215
27442,27561,CUUUAUCACUACCAAGAGUGUGUUAGAGGUACAACAGUACUUUUAAAAGAACCUUGCUCUUCUGGAACAUACGAGGGCAAUUCACCAUUUCAUCCUCUAGCUGAUAACAAAUUUGCACUG,..((((((((....((((..((((((((((((....))))))))))..(((..((((((((.((.....)).))))))))))).......))..)))))).)))))).............,-1.78,0.608567
27522,27641,UUCACCAUUUCAUCCUCUAGCUGAUAACAAAUUUGCACUGACUUGCUUUAGCACUCAAUUUGCUUUUGCUUGUCCUGACGGCGUAAAACACGUCUAUCAGUUACGUGCCAGAUCAGUUUC,..................(((((((.........((((.(((..((...((((.......))))...))..)))((((.(((((.....)))))..))))....))))...)))))))..,-2.09,0.94046
28759,28878,UCAAGGAACAACAUUGCCAAAAGGCUUCUACGCAGAAGGGAGCAGAGGCGGCAGUCAAGCCUCUUCUCGUUCCUCAUCACGUAGUCGCAACAGUUCAAGAAAUUCAACUCCAGGCAGCAG,.............(((((.....((..(((((.....(((((((((((.(((......))).))))).)))))).....)))))..))...((((.((....)).))))...)))))...,-3.57,0.90979
28839,28958,GUAGUCGCAACAGUUCAAGAAAUUCAACUCCAGGCAGCAGUAGGGGAACUUCUCCUGCUAGAAUGGCUGGCAAUGGCGGUGAUGCUGCUCUUGCUUUGCUGCUGCUUGACAGAUUGAACC,.(((((.....((((.((....)).)))).((((((((((((((((.....)))))))).....(((.(((((.(((((.....))))).)))))..)))))))))))...)))))....,-2.64,0.991752
28959,29078,AGCUUGAGAGCAAAAUGUCUGGUAAAGGCCAACAACAACAAGGCCAAACUGUCACUAAGAAAUCUGCUGCUGAGGCUUCUAAGAAGCCUCGGCAAAAACGUACUGCCACUAAAGCAUACA,.((((.((.(((..((((..((((..((((...........))))...((.......)).....))))(((((((((((...)))))))))))....))))..)))..)).)))).....,-2.78,0.935432
28999,29118,AGGCCAAACUGUCACUAAGAAAUCUGCUGCUGAGGCUUCUAAGAAGCCUCGGCAAAAACGUACUGCCACUAAAGCAUACAAUGUAACACAAGCUUUCGGCAGACGUGGUCCAGAACAAAC,.((((......................((((((((((((...))))))))))))...((((.(((((...(((((................))))).)))))))))))))..........,-4.19,0.963094
29039,29158,AAGAAGCCUCGGCAAAAACGUACUGCCACUAAAGCAUACAAUGUAACACAAGCUUUCGGCAGACGUGGUCCAGAACAAACCCAAGGAAAUUUUGGGGACCAGGAACUAAUCAGACAAGGA,......(((.(......((((.(((((...(((((................))))).)))))))))(((((.(......)(((((.....))))))))))..............).))).,-0.75,0.844562
29079,29198,AUGUAACACAAGCUUUCGGCAGACGUGGUCCAGAACAAACCCAAGGAAAUUUUGGGGACCAGGAACUAAUCAGACAAGGAACUGAUUACAAACAUUGGCCGCAAAUUGCACAAUUUGCCC,.................(((...(.((((((.(......)(((((.....))))))))))).)...(((((((........))))))).........)))(((((((....)))))))..,-1.24,0.979544
29119,29238,CCAAGGAAAUUUUGGGGACCAGGAACUAAUCAGACAAGGAACUGAUUACAAACAUUGGCCGCAAAUUGCACAAUUUGCCCCCAGCGCUUCAGCGUUCUUCGGAAUGUCGCGCAUUGGCAU,((((........(((((.((((....(((((((........)))))))......))))..(((((((....))))))))))))((((....((((((....)))))).)))).))))...,-3.14,0.93785
29239,29358,GGAAGUCACACCUUCGGGAACGUGGUUGACCUACACAGGUGCCAUCAAAUUGGAUGACAAAGAUCCAAAUUUCAAAGAUCAAGUCAUUUUGCUGAAUAAGCAUAUUGACGCAUACAAAAC,....((((.(((..((....)).)))))))........((((.......((((((.......))))))..............((((...((((.....))))...)))))))).......,-1.58,0.941215
29279,29398,GCCAUCAAAUUGGAUGACAAAGAUCCAAAUUUCAAAGAUCAAGUCAUUUUGCUGAAUAAGCAUAUUGACGCAUACAAAACAUUCCCACCAACAGAGCCUAAAAAGGACAAAAAGAAGAAG,.........((((((.......)))))).((((.........((((...((((.....))))...))))..........................((((....))).).....))))...,-1.58,0.935037
29319,29438,AAGUCAUUUUGCUGAAUAAGCAUAUUGACGCAUACAAAACAUUCCCACCAACAGAGCCUAAAAAGGACAAAAAGAAGAAGGCUGAUGAAACUCAAGCCUUACCGCAGAGACAGAAGAAAC,..((((...((((.....))))...))))((........................((((....))).).........((((((((......)).))))))...))...............,-2.4,0.809072
29399,29512,GCUGAUGAAACUCAAGCCUUACCGCAGAGACAGAAGAAACAGCAAACUGUGACUCUUCUUCCUGCUGCAGAUUUGGAUGAUUUCUCCAAACAAUUGCAACAAUCCAUGAGCAGU,(((.(((................((((.((.((((((.((((....))))...))))))))))))(((((.((((((.(....)))))))...)))))......))).)))...,-2.89,0.793421
29513,29630,GCUGACUCAACUCAGGCCUAAACUCAUGCAGACCACACAAGGCAGAUGGGCUAUAUAAACGUUUUCGCUUUUCCGUUUACGAUAUAUAGUCUACUCUUGUGCAGAAUGAAUUCUCGUA,.((((......))))........((((........((((((..((.(((((((((((..(((...((......))...))).)))))))))))))))))))....)))).........,-0.27,0.651921
29551,29670,AAGGCAGAUGGGCUAUAUAAACGUUUUCGCUUUUCCGUUUACGAUAUAUAGUCUACUCUUGUGCAGAAUGAAUUCUCGUAACUACAUAGCACAAGUAGAUGUAGUUAACUUUAAUCUCAC,.(((.((.(((((((((((..(((...((......))...))).))))))))))))))))(((.(((.((((......(((((((((.((....))..)))))))))..)))).)))))),-1.83,0.989759
29591,29710,ACGAUAUAUAGUCUACUCUUGUGCAGAAUGAAUUCUCGUAACUACAUAGCACAAGUAGAUGUAGUUAACUUUAAUCUCACAUAGCAAUCUUUAAUCAGUGUGUAACAUUAGGGAGGACUU,.........(((((.((((((((.(((.((((......(((((((((.((....))..)))))))))..)))).)))))))...............((((.....)))))))).))))).,-0.35,0.751949
